Workbook

Sheet Untransformed
A1: s0-9i | B1: s10-19i | C1: s20-29i | D1: s30-39i | E1: s40-49i | F1: s50-59i | G1: s60-69i | H1: s70-79i | I1: v0-9i | J1: v10-19i | K1: v20-29i | L1: v30-39i | M1: v40-49i | N1: v50-59i | O1: v60-69i | P1: v70-79i | Q1: s0-9 | R1: s10-19 | S1: s20-29 | T1: s30-39 | U1: s40-49 | V1: s50-59 | W1: s60-69 | X1: s70-79 | Y1: v0-9 | Z1: v10-19 | AA1: v20-29 | AB1: v30-39 | AC1: v40-49 | AD1: v50-59 | AE1: v60-69 | AF1: v70-79 | AG1: kl_div
A2: 1.2883195 | B2: 1.5881146 | C2: 1 | D2: 0.30462764 | E2: 0.65418833 | F2: 0.81571258 | G2: 1.3178923 | H2: 1.112446 | I2: 0.32334112 | J2: 0.68525252 | K2: 1 | L2: 0.72026097 | M2: 1.2793036 | N2: 0.84149434 | O2: 1.1399313 | P2: 2.1282672 | Q2: 0.18155573 | R2: 0.29926359 | S2: 1 | T2: 1.2756143 | U2: 1.8103123 | V2: 2.2368284 | W2: 2.4576894 | X2: 2.3887079 | Y2: 5.1358513 | Z2: 1.6176066 | AA2: 1 | AB2: 1.269717 | AC2: 0.1043196 | AD2: 1.0167224 | AE2: 1.371546 | AF2: 3.0871243 | AG2: 10802.343
A3: 1.2883195 | B3: 1.5881146 | C3: 1 | D3: 0.30462764 | E3: 0.65418833 | F3: 0.81571258 | G3: 1.3178923 | H3: 1.112446 | I3: 0.32334112 | J3: 0.68525252 | K3: 1 | L3: 0.72026097 | M3: 1.2793036 | N3: 0.84149434 | O3: 1.1399313 | P3: 2.1282672 | Q3: 0.18424668 | R3: 0.30396817 | S3: 1 | T3: 1.2843383 | U3: 1.8314098 | V3: 2.2554082 | W3: 2.4878405 | X3: 2.4257613 | Y3: 4.9073791 | Z3: 1.5396554 | AA3: 1 | AB3: 1.2457713 | AC3: 0.084215451 | AD3: 0.99443608 | AE3: 1.3161904 | AF3: 2.9761525 | AG3: 10803.053
A4: 1.2883195 | B4: 1.5881146 | C4: 1 | D4: 0.30462764 | E4: 0.65418833 | F4: 0.81571258 | G4: 1.3178923 | H4: 1.112446 | I4: 0.32334112 | J4: 0.68525252 | K4: 1 | L4: 0.72026097 | M4: 1.2793036 | N4: 0.84149434 | O4: 1.1399313 | P4: 2.1282672 | Q4: 0.18775563 | R4: 0.34674327 | S4: 1 | T4: 1.3147554 | U4: 1.9071661 | V4: 2.3323739 | W4: 2.5704082 | X4: 2.5438011 | Y4: 4.4036 | Z4: 0.93336448 | AA4: 1 | AB4: 1.1259557 | AC4: 0.037325268 | AD4: 0.83598631 | AE4: 1.160177 | AF4: 2.5437047 | AG4: 10824.303
A5: 1.2883195 | B5: 1.5881146 | C5: 1 | D5: 0.30462764 | E5: 0.65418833 | F5: 0.81571258 | G5: 1.3178923 | H5: 1.112446 | I5: 0.32334112 | J5: 0.68525252 | K5: 1 | L5: 0.72026097 | M5: 1.2793036 | N5: 0.84149434 | O5: 1.1399313 | P5: 2.1282672 | Q5: 0.18116025 | R5: 0.29155201 | S5: 1 | T5: 1.2661953 | U5: 1.7931214 | V5: 2.2149822 | W5: 2.4331852 | X5: 2.3622794 | Y5: 5.2644199 | Z5: 1.7810601 | AA5: 1 | AB5: 1.3198434 | AC5: 0.10834753 | AD5: 1.0744695 | AE5: 1.4275846 | AF5: 3.219778 | AG5: 10802.893
A6: 1.2883195 | B6: 1.5881146 | C6: 1 | D6: 0.30462764 | E6: 0.65418833 | F6: 0.81571258 | G6: 1.3178923 | H6: 1.112446 | I6: 0.32334112 | J6: 0.68525252 | K6: 1 | L6: 0.72026097 | M6: 1.2793036 | N6: 0.84149434 | O6: 1.1399313 | P6: 2.1282672 | Q6: 0.18456624 | R6: 0.29619379 | S6: 1 | T6: 1.2815188 | U6: 1.805068 | V6: 2.2338819 | W6: 2.4661737 | X6: 2.393741 | Y6: 4.94799 | Z6: 1.6700104 | AA6: 1 | AB6: 1.243781 | AC6: 0.120298 | AD6: 1.0242029 | AE6: 1.3573647 | AF6: 3.0713854 | AG6: 10802.779
A7: 1.2883195 | B7: 1.5881146 | C7: 1 | D7: 0.30462764 | E7: 0.65418833 | F7: 0.81571258 | G7: 1.3178923 | H7: 1.112446 | I7: 0.32334112 | J7: 0.68525252 | K7: 1 | L7: 0.72026097 | M7: 1.2793036 | N7: 0.84149434 | O7: 1.1399313 | P7: 2.1282672 | Q7: 0.1795867 | R7: 0.28710988 | S7: 1 | T7: 1.2716575 | U7: 1.7993038 | V7: 2.224779 | W7: 2.4464809 | X7: 2.3702565 | Y7: 5.3949281 | Z7: 1.8650471 | AA7: 1 | AB7: 1.3110194 | AC7: 0.11353137 | AD7: 1.0599551 | AE7: 1.4198756 | AF7: 3.2217902 | AG7: 10804.022
A8: 1.2883195 | B8: 1.5881146 | C8: 1 | D8: 0.30462764 | E8: 0.65418833 | F8: 0.81571258 | G8: 1.3178923 | H8: 1.112446 | I8: 0.32334112 | J8: 0.68525252 | K8: 1 | L8: 0.72026097 | M8: 1.2793036 | N8: 0.84149434 | O8: 1.1399313 | P8: 2.1282672 | Q8: 0.18260496 | R8: 0.28587202 | S8: 1 | T8: 1.2819186 | U8: 1.819389 | V8: 2.2824355 | W8: 2.4860868 | X8: 2.4039882 | Y8: 4.9510073 | Z8: 1.8094528 | AA8: 1 | AB8: 1.2536583 | AC8: 0.10702127 | AD8: 0.90571896 | AE8: 1.3645868 | AF8: 3.0222056 | AG8: 10806.789
A9: 1.2883195 | B9: 1.5881146 | C9: 1 | D9: 0.30462764 | E9: 0.65418833 | F9: 0.81571258 | G9: 1.3178923 | H9: 1.112446 | I9: 0.32334112 | J9: 0.68525252 | K9: 1 | L9: 0.72026097 | M9: 1.2793036 | N9: 0.84149434 | O9: 1.1399313 | P9: 2.1282672 | Q9: 0.18105805 | R9: 0.29023783 | S9: 1 | T9: 1.2737812 | U9: 1.7920147 | V9: 2.2340262 | W9: 2.4697212 | X9: 2.3704967 | Y9: 5.2538547 | Z9: 1.7850891 | AA9: 1 | AB9: 1.2767622 | AC9: 0.14149601 | AD9: 1.0325717 | AE9: 1.3688989 | AF9: 3.1977792 | AG9: 10804.268
A10: 1.2883195 | B10: 1.5881146 | C10: 1 | D10: 0.30462764 | E10: 0.65418833 | F10: 0.81571258 | G10: 1.3178923 | H10: 1.112446 | I10: 0.32334112 | J10: 0.68525252 | K10: 1 | L10: 0.72026097 | M10: 1.2793036 | N10: 0.84149434 | O10: 1.1399313 | P10: 2.1282672 | Q10: 0.17848287 | R10: 0.28776794 | S10: 1 | T10: 1.2605586 | U10: 1.7895205 | V10: 2.2248687 | W10: 2.4262598 | X10: 2.3483859 | Y10: 5.4439923 | Z10: 1.8460138 | AA10: 1 | AB10: 1.3455941 | AC10: 0.11328266 | AD10: 1.0450585 | AE10: 1.4593624 | AF10: 3.2732801 | AG10: 10803.766
A11: 1.2883195 | B11: 1.5881146 | C11: 1 | D11: 0.30462764 | E11: 0.65418833 | F11: 0.81571258 | G11: 1.3178923 | H11: 1.112446 | I11: 0.32334112 | J11: 0.68525252 | K11: 1 | L11: 0.72026097 | M11: 1.2793036 | N11: 0.84149434 | O11: 1.1399313 | P11: 2.1282672 | Q11: 0.18249396 | R11: 0.29543943 | S11: 1 | T11: 1.2753522 | U11: 1.8121542 | V11: 2.2329284 | W11: 2.4566754 | X11: 2.3900136 | Y11: 5.1121152 | Z11: 1.7037639 | AA11: 1 | AB11: 1.2882268 | AC11: 0.090768665 | AD11: 1.0414412 | AE11: 1.37913 | AF11: 3.1112758 | AG11: 10802.574
A12: 1.2412975 | B12: 0.76869681 | C12: 1 | D12: 0.97820407 | E12: 0.7356072 | F12: 0.35638763 | G12: 0.97386917 | H12: 1.7044039 | I12: 0.6289006 | J12: 1.4785891 | K12: 1 | L12: 0.18605358 | M12: 0.42368424 | N12: 0.3656391 | O12: 0.8434365 | P12: 1.0323773 | Q12: 0.18449369 | R12: 0.30221957 | S12: 1 | T12: 1.2868103 | U12: 1.8218123 | V12: 2.2592661 | W12: 2.4852022 | X12: 2.4189887 | Y12: 4.8671021 | Z12: 1.5418082 | AA12: 1 | AB12: 1.225942 | AC12: 0.10902299 | AD12: 0.96543895 | AE12: 1.3303596 | AF12: 2.9698502 | AG12: 10802.932
A13: 1.2412975 | B13: 0.76869681 | C13: 1 | D13: 0.97820407 | E13: 0.7356072 | F13: 0.35638763 | G13: 0.97386917 | H13: 1.7044039 | I13: 0.6289006 | J13: 1.4785891 | K13: 1 | L13: 0.18605358 | M13: 0.42368424 | N13: 0.3656391 | O13: 0.8434365 | P13: 1.0323773 | Q13: 0.17900348 | R13: 0.28240765 | S13: 1 | T13: 1.2579239 | U13: 1.7797097 | V13: 2.2090238 | W13: 2.4175737 | X13: 2.3340452 | Y13: 5.5018172 | Z13: 1.9824225 | AA13: 1 | AB13: 1.3702039 | AC13: 0.11763884 | AD13: 1.0949123 | AE13: 1.4817838 | AF13: 3.3655285 | AG13: 10805.15
... A101: 0.19103755 | B101: 0.60596125 | C101: 1 | D101: 0.93763624 | E101: 0.70977082 | F101: 1.6797631 | G101: 0.87223289 | H101: 0.72932341 | I101: 1.524351 | J101: 0.81706952 | K101: 1 | L101: 0.55631967 | M101: 1.1017943 | N101: 0.49346278 | O101: 0.52694774 | P101: 0.73431475 | Q101: 0.18236421 | R101: 0.29008526 | S101: 1 | T101: 1.2708321 | U101: 1.7952071 | V101: 2.2334256 | W101: 2.4430048 | X101: 2.3616033 | Y101: 5.170171 | Z101: 1.8063243 | AA101: 1 | AB101: 1.3125929 | AC101: 0.11699047 | AD101: 1.0347699 | AE101: 1.4279554 | AF101: 3.2177027 | AG101: 10803.022

Sheet All trials
A1: s0-9i | B1: s10-19i | C1: s20-29i | D1: s30-39i | E1: s40-49i | F1: s50-59i | G1: s60-69i | H1: s70-79i | I1: v0-9i | J1: v10-19i | K1: s20-29i | L1: v30-39i | M1: v40-49i | N1: v50-59i | O1: v60-69i | P1: v70-79i | Q1: s0-9 | R1: s10-19 | S1: s20-29 | T1: s30-39 | U1: s40-49 | V1: s50-59 | W1: s60-69 | X1: s70-79 | Y1: v0-9 | Z1: v10-19 | AA1: s20-29 | AB1: v30-39 | AC1: v40-49 | AD1: v50-59 | AE1: v60-69 | AF1: v70-79 | AG1: kl_div | AH1: Log10(kl) | AI1: Best
A2: =(Untransformed!A98) -> 0.19103755 | B2: =(Untransformed!B98) -> 0.60596125 | C2: 1 | D2: =(Untransformed!D98) -> 0.93763624 | E2: =(Untransformed!E98) -> 0.70977082 | F2: =(Untransformed!F98) -> 1.6797631 | G2: =(Untransformed!G98) -> 0.87223289 | H2: =(Untransformed!H98) -> 0.72932341 | I2: =(Untransformed!I98) -> 1.524351 | J2: =(Untransformed!J98) -> 0.81706952 | K2: 1 | L2: =(Untransformed!L98) -> 0.55631967 | M2: =(Untransformed!M98) -> 1.1017943 | N2: =(Untransformed!N98) -> 0.49346278 | O2: =(Untransformed!O98) -> 0.52694774 | P2: =(Untransformed!P98) -> 0.73431475 | Q2: =(Untransformed!Q98) -> 0.18273963 | R2: =(Untransformed!R98) -> 0.29642921 | S2: 1 | T2: =(Untransformed!T98) -> 1.2744013 | U2: =(Untransformed!U98) -> 1.8055268 | V2: =(Untransformed!V98) -> 2.2343444 | W2: =(Untransformed!W98) -> 2.4558851 | X2: =(Untransformed!X98) -> 2.383999 | Y2: =(Untransformed!Y98) -> 5.0750012 | Z2: =(Untransformed!Z98) -> 1.6756666 | AA2: 1 | AB2: =(Untransformed!AB98) -> 1.2814424 | AC2: =(Untransformed!AC98) -> 0.10832239 | AD2: =(Untransformed!AD98) -> 1.0261647 | AE2: =(Untransformed!AE98) -> 1.3823864 | AF2: =(Untransformed!AF98) -> 3.1185226 | AG2: =(Untransformed!AG98) -> 10802.205 | AH2: =LOG10(AG2) -> 4.0335124 | AI2: 1
A3: =(Untransformed!A92) -> 0.19103755 | B3: =(Untransformed!B92) -> 0.60596125 | C3: 1 | D3: =(Untransformed!D92) -> 0.93763624 | E3: =(Untransformed!E92) -> 0.70977082 | F3: =(Untransformed!F92) -> 1.6797631 | G3: =(Untransformed!G92) -> 0.87223289 | H3: =(Untransformed!H92) -> 0.72932341 | I3: =(Untransformed!I92) -> 1.524351 | J3: =(Untransformed!J92) -> 0.81706952 | K3: 1 | L3: =(Untransformed!L92) -> 0.55631967 | M3: =(Untransformed!M92) -> 1.1017943 | N3: =(Untransformed!N92) -> 0.49346278 | O3: =(Untransformed!O92) -> 0.52694774 | P3: =(Untransformed!P92) -> 0.73431475 | Q3: =(Untransformed!Q92) -> 0.18167901 | R3: =(Untransformed!R92) -> 0.2957673 | S3: 1 | T3: =(Untransformed!T92) -> 1.27018 | U3: =(Untransformed!U92) -> 1.8032315 | V3: =(Untransformed!V92) -> 2.2208542 | W3: =(Untransformed!W92) -> 2.4429688 | X3: =(Untransformed!X92) -> 2.37492 | Y3: =(Untransformed!Y92) -> 5.1826102 | Z3: =(Untransformed!Z92) -> 1.7060613 | AA3: 1 | AB3: =(Untransformed!AB92) -> 1.3053214 | AC3: =(Untransformed!AC92) -> 0.098449146 | AD3: =(Untransformed!AD92) -> 1.0643692 | AE3: =(Untransformed!AE92) -> 1.4024799 | AF3: =(Untransformed!AF92) -> 3.1656047 | AG3: =(Untransformed!AG92) -> 10802.589 | AH3: =LOG10(AG3) -> 4.0335278
A4: =(Untransformed!A99) -> 0.19103755 | B4: =(Untransformed!B99) -> 0.60596125 | C4: 1 | D4: =(Untransformed!D99) -> 0.93763624 | E4: =(Untransformed!E99) -> 0.70977082 | F4: =(Untransformed!F99) -> 1.6797631 | G4: =(Untransformed!G99) -> 0.87223289 | H4: =(Untransformed!H99) -> 0.72932341 | I4: =(Untransformed!I99) -> 1.524351 | J4: =(Untransformed!J99) -> 0.81706952 | K4: 1 | L4: =(Untransformed!L99) -> 0.55631967 | M4: =(Untransformed!M99) -> 1.1017943 | N4: =(Untransformed!N99) -> 0.49346278 | O4: =(Untransformed!O99) -> 0.52694774 | P4: =(Untransformed!P99) -> 0.73431475 | Q4: =(Untransformed!Q99) -> 0.18283581 | R4: =(Untransformed!R99) -> 0.29461332 | S4: 1 | T4: =(Untransformed!T99) -> 1.2702549 | U4: =(Untransformed!U99) -> 1.7960938 | V4: =(Untransformed!V99) -> 2.2147044 | W4: =(Untransformed!W99) -> 2.4430793 | X4: =(Untransformed!X99) -> 2.3709371 | Y4: =(Untransformed!Y99) -> 5.140059 | Z4: =(Untransformed!Z99) -> 1.7482543 | AA4: 1 | AB4: =(Untransformed!AB99) -> 1.3075533 | AC4: =(Untransformed!AC99) -> 0.10733133 | AD4: =(Untransformed!AD99) -> 1.0844955 | AE4: =(Untransformed!AE99) -> 1.4053998 | AF4: =(Untransformed!AF99) -> 3.1947557 | AG4: =(Untransformed!AG99) -> 10802.863 | AH4: =LOG10(AG4) -> 4.0335389
A5: =(Untransformed!A101) -> 0.19103755 | B5: =(Untransformed!B101) -> 0.60596125 | C5: 1 | D5: =(Untransformed!D101) -> 0.93763624 | E5: =(Untransformed!E101) -> 0.70977082 | F5: =(Untransformed!F101) -> 1.6797631 | G5: =(Untransformed!G101) -> 0.87223289 | H5: =(Untransformed!H101) -> 0.72932341 | I5: =(Untransformed!I101) -> 1.524351 | J5: =(Untransformed!J101) -> 0.81706952 | K5: 1 | L5: =(Untransformed!L101) -> 0.55631967 | M5: =(Untransformed!M101) -> 1.1017943 | N5: =(Untransformed!N101) -> 0.49346278 | O5: =(Untransformed!O101) -> 0.52694774 | P5: =(Untransformed!P101) -> 0.73431475 | Q5: =(Untransformed!Q101) -> 0.18236421 | R5: =(Untransformed!R101) -> 0.29008526 | S5: 1 | T5: =(Untransformed!T101) -> 1.2708321 | U5: =(Untransformed!U101) -> 1.7952071 | V5: =(Untransformed!V101) -> 2.2334256 | W5: =(Untransformed!W101) -> 2.4430048 | X5: =(Untransformed!X101) -> 2.3616033 | Y5: =(Untransformed!Y101) -> 5.170171 | Z5: =(Untransformed!Z101) -> 1.8063243 | AA5: 1 | AB5: =(Untransformed!AB101) -> 1.3125929 | AC5: =(Untransformed!AC101) -> 0.11699047 | AD5: =(Untransformed!AD101) -> 1.0347699 | AE5: =(Untransformed!AE101) -> 1.4279554 | AF5: =(Untransformed!AF101) -> 3.2177027 | AG5: =(Untransformed!AG101) -> 10803.022 | AH5: =LOG10(AG5) -> 4.0335453
A6: =(Untransformed!A97) -> 0.19103755 | B6: =(Untransformed!B97) -> 0.60596125 | C6: 1 | D6: =(Untransformed!D97) -> 0.93763624 | E6: =(Untransformed!E97) -> 0.70977082 | F6: =(Untransformed!F97) -> 1.6797631 | G6: =(Untransformed!G97) -> 0.87223289 | H6: =(Untransformed!H97) -> 0.72932341 | I6: =(Untransformed!I97) -> 1.524351 | J6: =(Untransformed!J97) -> 0.81706952 | K6: 1 | L6: =(Untransformed!L97) -> 0.55631967 | M6: =(Untransformed!M97) -> 1.1017943 | N6: =(Untransformed!N97) -> 0.49346278 | O6: =(Untransformed!O97) -> 0.52694774 | P6: =(Untransformed!P97) -> 0.73431475 | Q6: =(Untransformed!Q97) -> 0.18607784 | R6: =(Untransformed!R97) -> 0.3044705 | S6: 1 | T6: =(Untransformed!T97) -> 1.2855903 | U6: =(Untransformed!U97) -> 1.8299409 | V6: =(Untransformed!V97) -> 2.2795415 | W6: =(Untransformed!W97) -> 2.4966273 | X6: =(Untransformed!X97) -> 2.420826 | Y6: =(Untransformed!Y97) -> 4.7080527 | Z6: =(Untransformed!Z97) -> 1.5220742 | AA6: 1 | AB6: =(Untransformed!AB97) -> 1.2381741 | AC6: =(Untransformed!AC97) -> 0.10666437 | AD6: =(Untransformed!AD97) -> 0.925823 | AE6: =(Untransformed!AE97) -> 1.3250555 | AF6: =(Untransformed!AF97) -> 2.9659267 | AG6: =(Untransformed!AG97) -> 10803.983 | AH6: =LOG10(AG6) -> 4.0335839
A7: =(Untransformed!A94) -> 0.19103755 | B7: =(Untransformed!B94) -> 0.60596125 | C7: 1 | D7: =(Untransformed!D94) -> 0.93763624 | E7: =(Untransformed!E94) -> 0.70977082 | F7: =(Untransformed!F94) -> 1.6797631 | G7: =(Untransformed!G94) -> 0.87223289 | H7: =(Untransformed!H94) -> 0.72932341 | I7: =(Untransformed!I94) -> 1.524351 | J7: =(Untransformed!J94) -> 0.81706952 | K7: 1 | L7: =(Untransformed!L94) -> 0.55631967 | M7: =(Untransformed!M94) -> 1.1017943 | N7: =(Untransformed!N94) -> 0.49346278 | O7: =(Untransformed!O94) -> 0.52694774 | P7: =(Untransformed!P94) -> 0.73431475 | Q7: =(Untransformed!Q94) -> 0.17997893 | R7: =(Untransformed!R94) -> 0.28875675 | S7: 1 | T7: =(Untransformed!T94) -> 1.2598197 | U7: =(Untransformed!U94) -> 1.7769559 | V7: =(Untransformed!V94) -> 2.2187032 | W7: =(Untransformed!W94) -> 2.4212954 | X7: =(Untransformed!X94) -> 2.3354298 | Y7: =(Untransformed!Y94) -> 5.3571361 | Z7: =(Untransformed!Z94) -> 1.8321578 | AA7: 1 | AB7: =(Untransformed!AB94) -> 1.3435553 | AC7: =(Untransformed!AC94) -> 0.14155583 | AD7: =(Untransformed!AD94) -> 1.0500855 | AE7: =(Untransformed!AE94) -> 1.4745232 | AF7: =(Untransformed!AF94) -> 3.316573 | AG7: =(Untransformed!AG94) -> 10804.145 | AH7: =LOG10(AG7) -> 4.0335904
A8: =(Untransformed!A93) -> 0.19103755 | B8: =(Untransformed!B93) -> 0.60596125 | C8: 1 | D8: =(Untransformed!D93) -> 0.93763624 | E8: =(Untransformed!E93) -> 0.70977082 | F8: =(Untransformed!F93) -> 1.6797631 | G8: =(Untransformed!G93) -> 0.87223289 | H8: =(Untransformed!H93) -> 0.72932341 | I8: =(Untransformed!I93) -> 1.524351 | J8: =(Untransformed!J93) -> 0.81706952 | K8: 1 | L8: =(Untransformed!L93) -> 0.55631967 | M8: =(Untransformed!M93) -> 1.1017943 | N8: =(Untransformed!N93) -> 0.49346278 | O8: =(Untransformed!O93) -> 0.52694774 | P8: =(Untransformed!P93) -> 0.73431475 | Q8: =(Untransformed!Q93) -> 0.18558184 | R8: =(Untransformed!R93) -> 0.38482341 | S8: 1 | T8: =(Untransformed!T93) -> 1.3335884 | U8: =(Untransformed!U93) -> 1.9390317 | V8: =(Untransformed!V93) -> 2.4708859 | W8: =(Untransformed!W93) -> 2.7053507 | X8: =(Untransformed!X93) -> 2.6669983 | Y8: =(Untransformed!Y93) -> 4.2652043 | Z8: =(Untransformed!Z93) -> 0.51448019 | AA8: 1 | AB8: =(Untransformed!AB93) -> 1.0540426 | AC8: =(Untransformed!AC93) -> 0.11624685 | AD8: =(Untransformed!AD93) -> 0.60167928 | AE8: =(Untransformed!AE93) -> 1.0531953 | AF8: =(Untransformed!AF93) -> 2.3069443 | AG8: =(Untransformed!AG93) -> 10867.776 | AH8: =LOG10(AG8) -> 4.0361407
A9: =(Untransformed!A95) -> 0.19103755 | B9: =(Untransformed!B95) -> 0.60596125 | C9: 1 | D9: =(Untransformed!D95) -> 0.93763624 | E9: =(Untransformed!E95) -> 0.70977082 | F9: =(Untransformed!F95) -> 1.6797631 | G9: =(Untransformed!G95) -> 0.87223289 | H9: =(Untransformed!H95) -> 0.72932341 | I9: =(Untransformed!I95) -> 1.524351 | J9: =(Untransformed!J95) -> 0.81706952 | K9: 1 | L9: =(Untransformed!L95) -> 0.55631967 | M9: =(Untransformed!M95) -> 1.1017943 | N9: =(Untransformed!N95) -> 0.49346278 | O9: =(Untransformed!O95) -> 0.52694774 | P9: =(Untransformed!P95) -> 0.73431475 | Q9: =(Untransformed!Q95) -> 0.34918641 | R9: =(Untransformed!R95) -> 0.273919 | S9: 1 | T9: =(Untransformed!T95) -> 1.6307879 | U9: =(Untransformed!U95) -> 1.7588807 | V9: =(Untransformed!V95) -> 2.153315 | W9: =(Untransformed!W95) -> 2.9363009 | X9: =(Untransformed!X95) -> 2.7211127 | Y9: =(Untransformed!Y95) -> 0.085475863 | Z9: =(Untransformed!Z95) -> 2.2432322 | AA9: 1 | AB9: =(Untransformed!AB95) -> 0.24364716 | AC9: =(Untransformed!AC95) -> 0.45453141 | AD9: =(Untransformed!AD95) -> 1.24902 | AE9: =(Untransformed!AE95) -> 0.62528855 | AF9: =(Untransformed!AF95) -> 2.076167 | AG9: =(Untransformed!AG95) -> 12109.201 | AH9: =LOG10(AG9) -> 4.0831155
A10: =(Untransformed!A96) -> 0.19103755 | B10: =(Untransformed!B96) -> 0.60596125 | C10: 1 | D10: =(Untransformed!D96) -> 0.93763624 | E10: =(Untransformed!E96) -> 0.70977082 | F10: =(Untransformed!F96) -> 1.6797631 | G10: =(Untransformed!G96) -> 0.87223289 | H10: =(Untransformed!H96) -> 0.72932341 | I10: =(Untransformed!I96) -> 1.524351 | J10: =(Untransformed!J96) -> 0.81706952 | K10: 1 | L10: =(Untransformed!L96) -> 0.55631967 | M10: =(Untransformed!M96) -> 1.1017943 | N10: =(Untransformed!N96) -> 0.49346278 | O10: =(Untransformed!O96) -> 0.52694774 | P10: =(Untransformed!P96) -> 0.73431475 | Q10: =(Untransformed!Q96) -> 0.29388079 | R10: =(Untransformed!R96) -> 0.2712411 | S10: 1 | T10: =(Untransformed!T96) -> 1.3002391 | U10: =(Untransformed!U96) -> 1.8430031 | V10: =(Untransformed!V96) -> 2.5071387 | W10: =(Untransformed!W96) -> 2.3688608 | X10: =(Untransformed!X96) -> 3.6422011 | Y10: =(Untransformed!Y96) -> 3.6161465e-06 | Z10: =(Untransformed!Z96) -> 0.045606894 | AA10: 1 | AB10: =(Untransformed!AB96) -> 0.70932556 | AC10: =(Untransformed!AC96) -> 0.24001603 | AD10: =(Untransformed!AD96) -> 1.1808471e-05 | AE10: =(Untransformed!AE96) -> 1.7764485 | AF10: =(Untransformed!AF96) -> 0.063172463 | AG10: =(Untransformed!AG96) -> 17447.876 | AH10: =LOG10(AG10) -> 4.2417426
A11: =(Untransformed!A100) -> 0.19103755 | B11: =(Untransformed!B100) -> 0.60596125 | C11: 1 | D11: =(Untransformed!D100) -> 0.93763624 | E11: =(Untransformed!E100) -> 0.70977082 | F11: =(Untransformed!F100) -> 1.6797631 | G11: =(Untransformed!G100) -> 0.87223289 | H11: =(Untransformed!H100) -> 0.72932341 | I11: =(Untransformed!I100) -> 1.524351 | J11: =(Untransformed!J100) -> 0.81706952 | K11: 1 | L11: =(Untransformed!L100) -> 0.55631967 | M11: =(Untransformed!M100) -> 1.1017943 | N11: =(Untransformed!N100) -> 0.49346278 | O11: =(Untransformed!O100) -> 0.52694774 | P11: =(Untransformed!P100) -> 0.73431475 | Q11: =(Untransformed!Q100) -> 0.10919023 | R11: =(Untransformed!R100) -> 0.27335776 | S11: 1 | T11: =(Untransformed!T100) -> 1.1864385 | U11: =(Untransformed!U100) -> 1.2670474 | V11: =(Untransformed!V100) -> 1.8577679 | W11: =(Untransformed!W100) -> 1.892322 | X11: =(Untransformed!X100) -> 2.2053808 | Y11: =(Untransformed!Y100) -> 0.00012091324 | Z11: =(Untransformed!Z100) -> 0.083730468 | AA11: 1 | AB11: =(Untransformed!AB100) -> 0.10354982 | AC11: =(Untransformed!AC100) -> 0.70713842 | AD11: =(Untransformed!AD100) -> 0.00022052453 | AE11: =(Untransformed!AE100) -> 1.9095077 | AF11: =(Untransformed!AF100) -> 0.44617508 | AG11: =(Untransformed!AG100) -> 21582.081 | AH11: =LOG10(AG11) -> 4.3340933
A12: =(Untransformed!A53) -> 0.66171329 | B12: =(Untransformed!B53) -> 1.4989558 | C12: 1 | D12: =(Untransformed!D53) -> 0.2846583 | E12: =(Untransformed!E53) -> 0.94904862 | F12: =(Untransformed!F53) -> 0.40859493 | G12: =(Untransformed!G53) -> 1.2419868 | H12: =(Untransformed!H53) -> 0.85690348 | I12: =(Untransformed!I53) -> 0.76364275 | J12: =(Untransformed!J53) -> 0.6449456 | K12: 1 | L12: =(Untransformed!L53) -> 0.97693163 | M12: =(Untransformed!M53) -> 0.9428961 | N12: =(Untransformed!N53) -> 1.3976706 | O12: =(Untransformed!O53) -> 0.88298659 | P12: =(Untransformed!P53) -> 1.1975141 | Q12: =(Untransformed!Q53) -> 0.18249529 | R12: =(Untransformed!R53) -> 0.29774209 | S12: 1 | T12: =(Untransformed!T53) -> 1.2755465 | U12: =(Untransformed!U53) -> 1.8050698 | V12: =(Untransformed!V53) -> 2.2364647 | W12: =(Untransformed!W53) -> 2.4625077 | X12: =(Untransformed!X53) -> 2.3853596 | Y12: =(Untransformed!Y53) -> 5.0976164 | Z12: =(Untransformed!Z53) -> 1.6455982 | AA12: 1 | AB12: =(Untransformed!AB53) -> 1.2689086 | AC12: =(Untransformed!AC53) -> 0.11454424 | AD12: =(Untransformed!AD53) -> 1.0177027 | AE12: =(Untransformed!AE53) -> 1.3676879 | AF12: =(Untransformed!AF53) -> 3.1078517 | AG12: =(Untransformed!AG53) -> 10802.267 | AH12: =LOG10(AG12) -> 4.0335149 | AI12: 1
A13: =(Untransformed!A56) -> 0.66171329 | B13: =(Untransformed!B56) -> 1.4989558 | C13: 1 | D13: =(Untransformed!D56) -> 0.2846583 | E13: =(Untransformed!E56) -> 0.94904862 | F13: =(Untransformed!F56) -> 0.40859493 | G13: =(Untransformed!G56) -> 1.2419868 | H13: =(Untransformed!H56) -> 0.85690348 | I13: =(Untransformed!I56) -> 0.76364275 | J13: =(Untransformed!J56) -> 0.6449456 | K13: 1 | L13: =(Untransformed!L56) -> 0.97693163 | M13: =(Untransformed!M56) -> 0.9428961 | N13: =(Untransformed!N56) -> 1.3976706 | O13: =(Untransformed!O56) -> 0.88298659 | P13: =(Untransformed!P56) -> 1.1975141 | Q13: =(Untransformed!Q56) -> 0.18308562 | R13: =(Untransformed!R56) -> 0.29843678 | S13: 1 | T13: =(Untransformed!T56) -> 1.2789364 | U13: =(Untransformed!U56) -> 1.8139033 | V13: =(Untransformed!V56) -> 2.238564 | W13: =(Untransformed!W56) -> 2.4678017 | X13: =(Untransformed!X56) -> 2.3999668 | Y13: =(Untransformed!Y56) -> 5.0469886 | Z13: =(Untransformed!Z56) -> 1.6386518 | AA13: 1 | AB13: =(Untransformed!AB56) -> 1.2645695 | AC13: =(Untransformed!AC56) -> 0.099748796 | AD13: =(Untransformed!AD56) -> 1.0242277 | AE13: =(Untransformed!AE56) -> 1.3530655 | AF13: =(Untransformed!AF56) -> 3.069388 | AG13: =(Untransformed!AG56) -> 10802.278 | AH13: =LOG10(AG13) -> 4.0335153
A14: =(Untransformed!A60) -> 0.66171329 | B14: =(Untransformed!B60) -> 1.4989558 | C14: 1 | D14: =(Untransformed!D60) -> 0.2846583 | E14: =(Untransformed!E60) -> 0.94904862 | F14: =(Untransformed!F60) -> 0.40859493 | G14: =(Untransformed!G60) -> 1.2419868 | H14: =(Untransformed!H60) -> 0.85690348 | I14: =(Untransformed!I60) -> 0.76364275 | J14: =(Untransformed!J60) -> 0.6449456 | K14: 1 | L14: =(Untransformed!L60) -> 0.97693163 | M14: =(Untransformed!M60) -> 0.9428961 | N14: =(Untransformed!N60) -> 1.3976706 | O14: =(Untransformed!O60) -> 0.88298659 | P14: =(Untransformed!P60) -> 1.1975141 | Q14: =(Untransformed!Q60) -> 0.18124718 | R14: =(Untransformed!R60) -> 0.29368315 | S14: 1 | T14: =(Untransformed!T60) -> 1.2682205 | U14: =(Untransformed!U60) -> 1.7938533 | V14: =(Untransformed!V60) -> 2.2240356 | W14: =(Untransformed!W60) -> 2.4410849 | X14: =(Untransformed!X60) -> 2.3630668 | Y14: =(Untransformed!Y60) -> 5.2235667 | Z14: =(Untransformed!Z60) -> 1.731965 | AA14: 1 | AB14: =(Untransformed!AB60) -> 1.3063985 | AC14: =(Untransformed!AC60) -> 0.1186488 | AD14: =(Untransformed!AD60) -> 1.0465708 | AE14: =(Untransformed!AE60) -> 1.4147676 | AF14: =(Untransformed!AF60) -> 3.202243 | AG14: =(Untransformed!AG60) -> 10802.595 | AH14: =LOG10(AG14) -> 4.0335281
A15: =(Untransformed!A52) -> 0.66171329 | B15: =(Untransformed!B52) -> 1.4989558 | C15: 1 | D15: =(Untransformed!D52) -> 0.2846583 | E15: =(Untransformed!E52) -> 0.94904862 | F15: =(Untransformed!F52) -> 0.40859493 | G15: =(Untransformed!G52) -> 1.2419868 | H15: =(Untransformed!H52) -> 0.85690348 | I15: =(Untransformed!I52) -> 0.76364275 | J15: =(Untransformed!J52) -> 0.6449456 | K15: 1 | L15: =(Untransformed!L52) -> 0.97693163 | M15: =(Untransformed!M52) -> 0.9428961 | N15: =(Untransformed!N52) -> 1.3976706 | O15: =(Untransformed!O52) -> 0.88298659 | P15: =(Untransformed!P52) -> 1.1975141 | Q15: =(Untransformed!Q52) -> 0.18387568 | R15: =(Untransformed!R52) -> 0.29156919 | S15: 1 | T15: =(Untransformed!T52) -> 1.2714272 | U15: =(Untransformed!U52) -> 1.79725 | V15: =(Untransformed!V52) -> 2.2290692 | W15: =(Untransformed!W52) -> 2.4457167 | X15: =(Untransformed!X52) -> 2.3694281 | Y15: =(Untransformed!Y52) -> 5.0975879 | Z15: =(Untransformed!Z52) -> 1.7822924 | AA15: 1 | AB15: =(Untransformed!AB52) -> 1.305165 | AC15: =(Untransformed!AC52) -> 0.11588855 | AD15: =(Untransformed!AD52) -> 1.0484945 | AE15: =(Untransformed!AE52) -> 1.4130814 | AF15: =(Untransformed!AF52) -> 3.1945075 | AG15: =(Untransformed!AG52) -> 10802.901 | AH15: =LOG10(AG15) -> 4.0335404
A16: =(Untransformed!A61) -> 0.66171329 | B16: =(Untransformed!B61) -> 1.4989558 | C16: 1 | D16: =(Untransformed!D61) -> 0.2846583 | E16: =(Untransformed!E61) -> 0.94904862 | F16: =(Untransformed!F61) -> 0.40859493 | G16: =(Untransformed!G61) -> 1.2419868 | H16: =(Untransformed!H61) -> 0.85690348 | I16: =(Untransformed!I61) -> 0.76364275 | J16: =(Untransformed!J61) -> 0.6449456 | K16: 1 | L16: =(Untransformed!L61) -> 0.97693163 | M16: =(Untransformed!M61) -> 0.9428961 | N16: =(Untransformed!N61) -> 1.3976706 | O16: =(Untransformed!O61) -> 0.88298659 | P16: =(Untransformed!P61) -> 1.1975141 | Q16: =(Untransformed!Q61) -> 0.18131237 | R16: =(Untransformed!R61) -> 0.29459081 | S16: 1 | T16: =(Untransformed!T61) -> 1.2684577 | U16: =(Untransformed!U61) -> 1.8078137 | V16: =(Untransformed!V61) -> 2.228221 | W16: =(Untransformed!W61) -> 2.443717 | X16: =(Untransformed!X61) -> 2.3771907 | Y16: =(Untransformed!Y61) -> 5.2079389 | Z16: =(Untransformed!Z61) -> 1.7244124 | AA16: 1 | AB16: =(Untransformed!AB61) -> 1.3177235 | AC16: =(Untransformed!AC61) -> 0.087863071 | AD16: =(Untransformed!AD61) -> 1.050687 | AE16: =(Untransformed!AE61) -> 1.4067185 | AF16: =(Untransformed!AF61) -> 3.1630909 | AG16: =(Untransformed!AG61) -> 10802.94 | AH16: =LOG10(AG16) -> 4.033542
A17: =(Untransformed!A57) -> 0.66171329 | B17: =(Untransformed!B57) -> 1.4989558 | C17: 1 | D17: =(Untransformed!D57) -> 0.2846583 | E17: =(Untransformed!E57) -> 0.94904862 | F17: =(Untransformed!F57) -> 0.40859493 | G17: =(Untransformed!G57) -> 1.2419868 | H17: =(Untransformed!H57) -> 0.85690348 | I17: =(Untransformed!I57) -> 0.76364275 | J17: =(Untransformed!J57) -> 0.6449456 | K17: 1 | L17: =(Untransformed!L57) -> 0.97693163 | M17: =(Untransformed!M57) -> 0.9428961 | N17: =(Untransformed!N57) -> 1.3976706 | O17: =(Untransformed!O57) -> 0.88298659 | P17: =(Untransformed!P57) -> 1.1975141 | Q17: =(Untransformed!Q57) -> 0.17935591 | R17: =(Untransformed!R57) -> 0.29057605 | S17: 1 | T17: =(Untransformed!T57) -> 1.2620632 | U17: =(Untransformed!U57) -> 1.7841612 | V17: =(Untransformed!V57) -> 2.2155624 | W17: =(Untransformed!W57) -> 2.4251942 | X17: =(Untransformed!X57) -> 2.348254 | Y17: =(Untransformed!Y57) -> 5.4121936 | Z17: =(Untransformed!Z57) -> 1.8088803 | AA17: 1 | AB17: =(Untransformed!AB57) -> 1.3391652 | AC17: =(Untransformed!AC57) -> 0.12342622 | AD17: =(Untransformed!AD57) -> 1.0702867 | AE17: =(Untransformed!AE57) -> 1.4556944 | AF17: =(Untransformed!AF57) -> 3.283307 | AG17: =(Untransformed!AG57) -> 10803.693 | AH17: =LOG10(AG17) -> 4.0335722
A18: =(Untransformed!A55) -> 0.66171329 | B18: =(Untransformed!B55) -> 1.4989558 | C18: 1 | D18: =(Untransformed!D55) -> 0.2846583 | E18: =(Untransformed!E55) -> 0.94904862 | F18: =(Untransformed!F55) -> 0.40859493 | G18: =(Untransformed!G55) -> 1.2419868 | H18: =(Untransformed!H55) -> 0.85690348 | I18: =(Untransformed!I55) -> 0.76364275 | J18: =(Untransformed!J55) -> 0.6449456 | K18: 1 | L18: =(Untransformed!L55) -> 0.97693163 | M18: =(Untransformed!M55) -> 0.9428961 | N18: =(Untransformed!N55) -> 1.3976706 | O18: =(Untransformed!O55) -> 0.88298659 | P18: =(Untransformed!P55) -> 1.1975141 | Q18: =(Untransformed!Q55) -> 0.18721481 | R18: =(Untransformed!R55) -> 0.3083771 | S18: 1 | T18: =(Untransformed!T55) -> 1.2888341 | U18: =(Untransformed!U55) -> 1.8295265 | V18: =(Untransformed!V55) -> 2.2548611 | W18: =(Untransformed!W55) -> 2.4954418 | X18: =(Untransformed!X55) -> 2.431778 | Y18: =(Untransformed!Y55) -> 4.6914925 | Z18: =(Untransformed!Z55) -> 1.4463605 | AA18: 1 | AB18: =(Untransformed!AB55) -> 1.2058067 | AC18: =(Untransformed!AC55) -> 0.098788379 | AD18: =(Untransformed!AD55) -> 0.97448488 | AE18: =(Untransformed!AE55) -> 1.2897224 | AF18: =(Untransformed!AF55) -> 2.9129915 | AG18: =(Untransformed!AG55) -> 10803.957 | AH18: =LOG10(AG18) -> 4.0335829
A19: =(Untransformed!A54) -> 0.66171329 | B19: =(Untransformed!B54) -> 1.4989558 | C19: 1 | D19: =(Untransformed!D54) -> 0.2846583 | E19: =(Untransformed!E54) -> 0.94904862 | F19: =(Untransformed!F54) -> 0.40859493 | G19: =(Untransformed!G54) -> 1.2419868 | H19: =(Untransformed!H54) -> 0.85690348 | I19: =(Untransformed!I54) -> 0.76364275 | J19: =(Untransformed!J54) -> 0.6449456 | K19: 1 | L19: =(Untransformed!L54) -> 0.97693163 | M19: =(Untransformed!M54) -> 0.9428961 | N19: =(Untransformed!N54) -> 1.3976706 | O19: =(Untransformed!O54) -> 0.88298659 | P19: =(Untransformed!P54) -> 1.1975141 | Q19: =(Untransformed!Q54) -> 0.17965474 | R19: =(Untransformed!R54) -> 0.28711234 | S19: 1 | T19: =(Untransformed!T54) -> 1.2525232 | U19: =(Untransformed!U54) -> 1.7963093 | V19: =(Untransformed!V54) -> 2.2041902 | W19: =(Untransformed!W54) -> 2.3908007 | X19: =(Untransformed!X54) -> 2.3250618 | Y19: =(Untransformed!Y54) -> 5.418436 | Z19: =(Untransformed!Z54) -> 1.9013396 | AA19: 1 | AB19: =(Untransformed!AB54) -> 1.4083202 | AC19: =(Untransformed!AC54) -> 0.065645901 | AD19: =(Untransformed!AD54) -> 1.1068386 | AE19: =(Untransformed!AE54) -> 1.5181577 | AF19: =(Untransformed!AF54) -> 3.3571759 | AG19: =(Untransformed!AG54) -> 10807.5 | AH19: =LOG10(AG19) -> 4.0337252
A20: =(Untransformed!A59) -> 0.66171329 | B20: =(Untransformed!B59) -> 1.4989558 | C20: 1 | D20: =(Untransformed!D59) -> 0.2846583 | E20: =(Untransformed!E59) -> 0.94904862 | F20: =(Untransformed!F59) -> 0.40859493 | G20: =(Untransformed!G59) -> 1.2419868 | H20: =(Untransformed!H59) -> 0.85690348 | I20: =(Untransformed!I59) -> 0.76364275 | J20: =(Untransformed!J59) -> 0.6449456 | K20: 1 | L20: =(Untransformed!L59) -> 0.97693163 | M20: =(Untransformed!M59) -> 0.9428961 | N20: =(Untransformed!N59) -> 1.3976706 | O20: =(Untransformed!O59) -> 0.88298659 | P20: =(Untransformed!P59) -> 1.1975141 | Q20: =(Untransformed!Q59) -> 0.19322801 | R20: =(Untransformed!R59) -> 0.4247417 | S20: 1 | T20: =(Untransformed!T59) -> 1.3526956 | U20: =(Untransformed!U59) -> 1.9878793 | V20: =(Untransformed!V59) -> 2.3363413 | W20: =(Untransformed!W59) -> 2.6676449 | X20: =(Untransformed!X59) -> 2.7018867 | Y20: =(Untransformed!Y59) -> 4.167295 | Z20: =(Untransformed!Z59) -> 0.23932196 | AA20: 1 | AB20: =(Untransformed!AB59) -> 0.99602186 | AC20: =(Untransformed!AC59) -> 4.4548552e-05 | AD20: =(Untransformed!AD59) -> 0.88085413 | AE20: =(Untransformed!AE59) -> 0.95169587 | AF20: =(Untransformed!AF59) -> 2.1941978 | AG20: =(Untransformed!AG59) -> 10887.475 | AH20: =LOG10(AG20) -> 4.0369272
A21: =(Untransformed!A58) -> 0.66171329 | B21: =(Untransformed!B58) -> 1.4989558 | C21: 1 | D21: =(Untransformed!D58) -> 0.2846583 | E21: =(Untransformed!E58) -> 0.94904862 | F21: =(Untransformed!F58) -> 0.40859493 | G21: =(Untransformed!G58) -> 1.2419868 | H21: =(Untransformed!H58) -> 0.85690348 | I21: =(Untransformed!I58) -> 0.76364275 | J21: =(Untransformed!J58) -> 0.6449456 | K21: 1 | L21: =(Untransformed!L58) -> 0.97693163 | M21: =(Untransformed!M58) -> 0.9428961 | N21: =(Untransformed!N58) -> 1.3976706 | O21: =(Untransformed!O58) -> 0.88298659 | P21: =(Untransformed!P58) -> 1.1975141 | Q21: =(Untransformed!Q58) -> 0.2292047 | R21: =(Untransformed!R58) -> 0.41791381 | S21: 1 | T21: =(Untransformed!T58) -> 1.443179 | U21: =(Untransformed!U58) -> 2.0196732 | V21: =(Untransformed!V58) -> 2.4384897 | W21: =(Untransformed!W58) -> 2.8978884 | X21: =(Untransformed!X58) -> 2.892272 | Y21: =(Untransformed!Y58) -> 2.5949945 | Z21: =(Untransformed!Z58) -> 0.40007066 | AA21: 1 | AB21: =(Untransformed!AB58) -> 0.77029475 | AC21: =(Untransformed!AC58) -> 0.078029028 | AD21: =(Untransformed!AD58) -> 0.73016825 | AE21: =(Untransformed!AE58) -> 0.74941375 | AF21: =(Untransformed!AF58) -> 1.8535732 | AG21: =(Untransformed!AG58) -> 10946.154 | AH21: =LOG10(AG21) -> 4.0392616
A22: =(Untransformed!A87) -> 0.66419438 | B22: =(Untransformed!B87) -> 1.2567213 | C22: 1 | D22: =(Untransformed!D87) -> 0.90194986 | E22: =(Untransformed!E87) -> 0.84581538 | F22: =(Untransformed!F87) -> 0.7767185 | G22: =(Untransformed!G87) -> 1.0700111 | H22: =(Untransformed!H87) -> 0.84812952 | I22: =(Untransformed!I87) -> 1.4687262 | J22: =(Untransformed!J87) -> 1.9387914 | K22: 1 | L22: =(Untransformed!L87) -> 0.69554684 | M22: =(Untransformed!M87) -> 1.0384404 | N22: =(Untransformed!N87) -> 0.38832374 | O22: =(Untransformed!O87) -> 0.78101017 | P22: =(Untransformed!P87) -> 0.40777436 | Q22: =(Untransformed!Q87) -> 0.18190649 | R22: =(Untransformed!R87) -> 0.29909161 | S22: 1 | T22: =(Untransformed!T87) -> 1.2771333 | U22: =(Untransformed!U87) -> 1.8105405 | V22: =(Untransformed!V87) -> 2.2381679 | W22: =(Untransformed!W87) -> 2.4656863 | X22: =(Untransformed!X87) -> 2.3958739 | Y22: =(Untransformed!Y87) -> 5.0941734 | Z22: =(Untransformed!Z87) -> 1.6062023 | AA22: 1 | AB22: =(Untransformed!AB87) -> 1.2570224 | AC22: =(Untransformed!AC87) -> 0.10409633 | AD22: =(Untransformed!AD87) -> 1.0134335 | AE22: =(Untransformed!AE87) -> 1.3521579 | AF22: =(Untransformed!AF87) -> 3.0587113 | AG22: =(Untransformed!AG87) -> 10802.369 | AH22: =LOG10(AG22) -> 4.033519
A23: =(Untransformed!A89) -> 0.66419438 | B23: =(Untransformed!B89) -> 1.2567213 | C23: 1 | D23: =(Untransformed!D89) -> 0.90194986 | E23: =(Untransformed!E89) -> 0.84581538 | F23: =(Untransformed!F89) -> 0.7767185 | G23: =(Untransformed!G89) -> 1.0700111 | H23: =(Untransformed!H89) -> 0.84812952 | I23: =(Untransformed!I89) -> 1.4687262 | J23: =(Untransformed!J89) -> 1.9387914 | K23: 1 | L23: =(Untransformed!L89) -> 0.69554684 | M23: =(Untransformed!M89) -> 1.0384404 | N23: =(Untransformed!N89) -> 0.38832374 | O23: =(Untransformed!O89) -> 0.78101017 | P23: =(Untransformed!P89) -> 0.40777436 | Q23: =(Untransformed!Q89) -> 0.18353991 | R23: =(Untransformed!R89) -> 0.30039464 | S23: 1 | T23: =(Untransformed!T89) -> 1.2734232 | U23: =(Untransformed!U89) -> 1.8096814 | V23: =(Untransformed!V89) -> 2.226145 | W23: =(Untransformed!W89) -> 2.4505811 | X23: =(Untransformed!X89) -> 2.3821806 | Y23: =(Untransformed!Y89) -> 5.0827644 | Z23: =(Untransformed!Z89) -> 1.6054632 | AA23: 1 | AB23: =(Untransformed!AB89) -> 1.2753206 | AC23: =(Untransformed!AC89) -> 0.10043799 | AD23: =(Untransformed!AD89) -> 1.0436962 | AE23: =(Untransformed!AE89) -> 1.3714431 | AF23: =(Untransformed!AF89) -> 3.107769 | AG23: =(Untransformed!AG89) -> 10802.638 | AH23: =LOG10(AG23) -> 4.0335298 | AI23: 1
A24: =(Untransformed!A84) -> 0.66419438 | B24: =(Untransformed!B84) -> 1.2567213 | C24: 1 | D24: =(Untransformed!D84) -> 0.90194986 | E24: =(Untransformed!E84) -> 0.84581538 | F24: =(Untransformed!F84) -> 0.7767185 | G24: =(Untransformed!G84) -> 1.0700111 | H24: =(Untransformed!H84) -> 0.84812952 | I24: =(Untransformed!I84) -> 1.4687262 | J24: =(Untransformed!J84) -> 1.9387914 | K24: 1 | L24: =(Untransformed!L84) -> 0.69554684 | M24: =(Untransformed!M84) -> 1.0384404 | N24: =(Untransformed!N84) -> 0.38832374 | O24: =(Untransformed!O84) -> 0.78101017 | P24: =(Untransformed!P84) -> 0.40777436 | Q24: =(Untransformed!Q84) -> 0.18406078 | R24: =(Untransformed!R84) -> 0.29828755 | S24: 1 | T24: =(Untransformed!T84) -> 1.2749193 | U24: =(Untransformed!U84) -> 1.8094235 | V24: =(Untransformed!V84) -> 2.2223269 | W24: =(Untransformed!W84) -> 2.4590085 | X24: =(Untransformed!X84) -> 2.3928356 | Y24: =(Untransformed!Y84) -> 5.0354677 | Z24: =(Untransformed!Z84) -> 1.6624777 | AA24: 1 | AB24: =(Untransformed!AB84) -> 1.285804 | AC24: =(Untransformed!AC84) -> 0.095374134 | AD24: =(Untransformed!AD84) -> 1.0719 | AE24: =(Untransformed!AE84) -> 1.3605721 | AF24: =(Untransformed!AF84) -> 3.1189487 | AG24: =(Untransformed!AG84) -> 10802.699 | AH24: =LOG10(AG24) -> 4.0335323
A25: =(Untransformed!A86) -> 0.66419438 | B25: =(Untransformed!B86) -> 1.2567213 | C25: 1 | D25: =(Untransformed!D86) -> 0.90194986 | E25: =(Untransformed!E86) -> 0.84581538 | F25: =(Untransformed!F86) -> 0.7767185 | G25: =(Untransformed!G86) -> 1.0700111 | H25: =(Untransformed!H86) -> 0.84812952 | I25: =(Untransformed!I86) -> 1.4687262 | J25: =(Untransformed!J86) -> 1.9387914 | K25: 1 | L25: =(Untransformed!L86) -> 0.69554684 | M25: =(Untransformed!M86) -> 1.0384404 | N25: =(Untransformed!N86) -> 0.38832374 | O25: =(Untransformed!O86) -> 0.78101017 | P25: =(Untransformed!P86) -> 0.40777436 | Q25: =(Untransformed!Q86) -> 0.18467109 | R25: =(Untransformed!R86) -> 0.30095298 | S25: 1 | T25: =(Untransformed!T86) -> 1.2820884 | U25: =(Untransformed!U86) -> 1.8041068 | V25: =(Untransformed!V86) -> 2.2608433 | W25: =(Untransformed!W86) -> 2.4901251 | X25: =(Untransformed!X86) -> 2.4014101 | Y25: =(Untransformed!Y86) -> 4.8100556 | Z25: =(Untransformed!Z86) -> 1.5750412 | AA25: 1 | AB25: =(Untransformed!AB86) -> 1.234862 | AC25: =(Untransformed!AC86) -> 0.14046749 | AD25: =(Untransformed!AD86) -> 0.94926459 | AE25: =(Untransformed!AE86) -> 1.3377201 | AF25: =(Untransformed!AF86) -> 3.0307248 | AG25: =(Untransformed!AG86) -> 10804.056 | AH25: =LOG10(AG25) -> 4.0335868
A26: =(Untransformed!A82) -> 0.66419438 | B26: =(Untransformed!B82) -> 1.2567213 | C26: 1 | D26: =(Untransformed!D82) -> 0.90194986 | E26: =(Untransformed!E82) -> 0.84581538 | F26: =(Untransformed!F82) -> 0.7767185 | G26: =(Untransformed!G82) -> 1.0700111 | H26: =(Untransformed!H82) -> 0.84812952 | I26: =(Untransformed!I82) -> 1.4687262 | J26: =(Untransformed!J82) -> 1.9387914 | K26: 1 | L26: =(Untransformed!L82) -> 0.69554684 | M26: =(Untransformed!M82) -> 1.0384404 | N26: =(Untransformed!N82) -> 0.38832374 | O26: =(Untransformed!O82) -> 0.78101017 | P26: =(Untransformed!P82) -> 0.40777436 | Q26: =(Untransformed!Q82) -> 0.18853166 | R26: =(Untransformed!R82) -> 0.30342309 | S26: 1 | T26: =(Untransformed!T82) -> 1.2877515 | U26: =(Untransformed!U82) -> 1.8079691 | V26: =(Untransformed!V82) -> 2.2565339 | W26: =(Untransformed!W82) -> 2.5047888 | X26: =(Untransformed!X82) -> 2.4108545 | Y26: =(Untransformed!Y82) -> 4.6251746 | Z26: =(Untransformed!Z82) -> 1.5489418 | AA26: 1 | AB26: =(Untransformed!AB82) -> 1.2168461 | AC26: =(Untransformed!AC82) -> 0.1425176 | AD26: =(Untransformed!AD82) -> 0.96956541 | AE26: =(Untransformed!AE82) -> 1.2947107 | AF26: =(Untransformed!AF82) -> 3.0197203 | AG26: =(Untransformed!AG82) -> 10805.404 | AH26: =LOG10(AG26) -> 4.033641
A27: =(Untransformed!A90) -> 0.66419438 | B27: =(Untransformed!B90) -> 1.2567213 | C27: 1 | D27: =(Untransformed!D90) -> 0.90194986 | E27: =(Untransformed!E90) -> 0.84581538 | F27: =(Untransformed!F90) -> 0.7767185 | G27: =(Untransformed!G90) -> 1.0700111 | H27: =(Untransformed!H90) -> 0.84812952 | I27: =(Untransformed!I90) -> 1.4687262 | J27: =(Untransformed!J90) -> 1.9387914 | K27: 1 | L27: =(Untransformed!L90) -> 0.69554684 | M27: =(Untransformed!M90) -> 1.0384404 | N27: =(Untransformed!N90) -> 0.38832374 | O27: =(Untransformed!O90) -> 0.78101017 | P27: =(Untransformed!P90) -> 0.40777436 | Q27: =(Untransformed!Q90) -> 0.17929159 | R27: =(Untransformed!R90) -> 0.28250444 | S27: 1 | T27: =(Untransformed!T90) -> 1.2942842 | U27: =(Untransformed!U90) -> 1.878435 | V27: =(Untransformed!V90) -> 2.3022398 | W27: =(Untransformed!W90) -> 2.4848832 | X27: =(Untransformed!X90) -> 2.4518859 | Y27: =(Untransformed!Y90) -> 5.2597242 | Z27: =(Untransformed!Z90) -> 1.9309065 | AA27: 1 | AB27: =(Untransformed!AB90) -> 1.2846115 | AC27: =(Untransformed!AC90) -> 1.595333e-08 | AD27: =(Untransformed!AD90) -> 0.94363543 | AE27: =(Untransformed!AE90) -> 1.386822 | AF27: =(Untransformed!AF90) -> 2.923483 | AG27: =(Untransformed!AG90) -> 10824.024 | AH27: =LOG10(AG27) -> 4.0343887
A28: =(Untransformed!A91) -> 0.66419438 | B28: =(Untransformed!B91) -> 1.2567213 | C28: 1 | D28: =(Untransformed!D91) -> 0.90194986 | E28: =(Untransformed!E91) -> 0.84581538 | F28: =(Untransformed!F91) -> 0.7767185 | G28: =(Untransformed!G91) -> 1.0700111 | H28: =(Untransformed!H91) -> 0.84812952 | I28: =(Untransformed!I91) -> 1.4687262 | J28: =(Untransformed!J91) -> 1.9387914 | K28: 1 | L28: =(Untransformed!L91) -> 0.69554684 | M28: =(Untransformed!M91) -> 1.0384404 | N28: =(Untransformed!N91) -> 0.38832374 | O28: =(Untransformed!O91) -> 0.78101017 | P28: =(Untransformed!P91) -> 0.40777436 | Q28: =(Untransformed!Q91) -> 0.18711974 | R28: =(Untransformed!R91) -> 0.38951636 | S28: 1 | T28: =(Untransformed!T91) -> 1.2847749 | U28: =(Untransformed!U91) -> 1.8845572 | V28: =(Untransformed!V91) -> 2.3042661 | W28: =(Untransformed!W91) -> 2.5008243 | X28: =(Untransformed!X91) -> 2.4848926 | Y28: =(Untransformed!Y91) -> 4.4500644 | Z28: =(Untransformed!Z91) -> 0.4318823 | AA28: 1 | AB28: =(Untransformed!AB91) -> 1.1803217 | AC28: =(Untransformed!AC91) -> 0.072023001 | AD28: =(Untransformed!AD91) -> 0.82188646 | AE28: =(Untransformed!AE91) -> 1.2450327 | AF28: =(Untransformed!AF91) -> 2.6182821 | AG28: =(Untransformed!AG91) -> 10856.616 | AH28: =LOG10(AG28) -> 4.0356945
A29: =(Untransformed!A88) -> 0.66419438 | B29: =(Untransformed!B88) -> 1.2567213 | C29: 1 | D29: =(Untransformed!D88) -> 0.90194986 | E29: =(Untransformed!E88) -> 0.84581538 | F29: =(Untransformed!F88) -> 0.7767185 | G29: =(Untransformed!G88) -> 1.0700111 | H29: =(Untransformed!H88) -> 0.84812952 | I29: =(Untransformed!I88) -> 1.4687262 | J29: =(Untransformed!J88) -> 1.9387914 | K29: 1 | L29: =(Untransformed!L88) -> 0.69554684 | M29: =(Untransformed!M88) -> 1.0384404 | N29: =(Untransformed!N88) -> 0.38832374 | O29: =(Untransformed!O88) -> 0.78101017 | P29: =(Untransformed!P88) -> 0.40777436 | Q29: =(Untransformed!Q88) -> 0.27783147 | R29: =(Untransformed!R88) -> 0.51210381 | S29: 1 | T29: =(Untransformed!T88) -> 1.4163534 | U29: =(Untransformed!U88) -> 2.0000773 | V29: =(Untransformed!V88) -> 2.2713852 | W29: =(Untransformed!W88) -> 2.7896602 | X29: =(Untransformed!X88) -> 2.8299591 | Y29: =(Untransformed!Y88) -> 0.13886132 | Z29: =(Untransformed!Z88) -> 0.08233797 | AA29: 1 | AB29: =(Untransformed!AB88) -> 0.93560842 | AC29: =(Untransformed!AC88) -> 0.0079083493 | AD29: =(Untransformed!AD88) -> 1.0461891 | AE29: =(Untransformed!AE88) -> 0.74377857 | AF29: =(Untransformed!AF88) -> 2.0305345 | AG29: =(Untransformed!AG88) -> 11276.891 | AH29: =LOG10(AG29) -> 4.0521894
A30: =(Untransformed!A85) -> 0.66419438 | B30: =(Untransformed!B85) -> 1.2567213 | C30: 1 | D30: =(Untransformed!D85) -> 0.90194986 | E30: =(Untransformed!E85) -> 0.84581538 | F30: =(Untransformed!F85) -> 0.7767185 | G30: =(Untransformed!G85) -> 1.0700111 | H30: =(Untransformed!H85) -> 0.84812952 | I30: =(Untransformed!I85) -> 1.4687262 | J30: =(Untransformed!J85) -> 1.9387914 | K30: 1 | L30: =(Untransformed!L85) -> 0.69554684 | M30: =(Untransformed!M85) -> 1.0384404 | N30: =(Untransformed!N85) -> 0.38832374 | O30: =(Untransformed!O85) -> 0.78101017 | P30: =(Untransformed!P85) -> 0.40777436 | Q30: =(Untransformed!Q85) -> 0.13555763 | R30: =(Untransformed!R85) -> 0.51165372 | S30: 1 | T30: =(Untransformed!T85) -> 1.4253961 | U30: =(Untransformed!U85) -> 2.1612534 | V30: =(Untransformed!V85) -> 2.8224733 | W30: =(Untransformed!W85) -> 3.1226944 | X30: =(Untransformed!X85) -> 3.2053543 | Y30: =(Untransformed!Y85) -> 9.5320529e-08 | Z30: =(Untransformed!Z85) -> 0.00029295697 | AA30: 1 | AB30: =(Untransformed!AB85) -> 0.82931839 | AC30: =(Untransformed!AC85) -> 0.00010177596 | AD30: =(Untransformed!AD85) -> 0.05155567 | AE30: =(Untransformed!AE85) -> 0.78448538 | AF30: =(Untransformed!AF85) -> 1.2254658 | AG30: =(Untransformed!AG85) -> 12931.297 | AH30: =LOG10(AG30) -> 4.1116421
A31: =(Untransformed!A83) -> 0.66419438 | B31: =(Untransformed!B83) -> 1.2567213 | C31: 1 | D31: =(Untransformed!D83) -> 0.90194986 | E31: =(Untransformed!E83) -> 0.84581538 | F31: =(Untransformed!F83) -> 0.7767185 | G31: =(Untransformed!G83) -> 1.0700111 | H31: =(Untransformed!H83) -> 0.84812952 | I31: =(Untransformed!I83) -> 1.4687262 | J31: =(Untransformed!J83) -> 1.9387914 | K31: 1 | L31: =(Untransformed!L83) -> 0.69554684 | M31: =(Untransformed!M83) -> 1.0384404 | N31: =(Untransformed!N83) -> 0.38832374 | O31: =(Untransformed!O83) -> 0.78101017 | P31: =(Untransformed!P83) -> 0.40777436 | Q31: =(Untransformed!Q83) -> 0.062270465 | R31: =(Untransformed!R83) -> 0.17825135 | S31: 1 | T31: =(Untransformed!T83) -> 0.66684197 | U31: =(Untransformed!U83) -> 0.61546163 | V31: =(Untransformed!V83) -> 1.2858034 | W31: =(Untransformed!W83) -> 2.2591813 | X31: =(Untransformed!X83) -> 2.4619485 | Y31: =(Untransformed!Y83) -> 1.7584401e-06 | Z31: =(Untransformed!Z83) -> 0.00059933178 | AA31: 1 | AB31: =(Untransformed!AB83) -> 3.925428e-05 | AC31: =(Untransformed!AC83) -> 7.0447159 | AD31: =(Untransformed!AD83) -> 0.012089939 | AE31: =(Untransformed!AE83) -> 0.73237737 | AF31: =(Untransformed!AF83) -> 8.2600525e-08 | AG31: =(Untransformed!AG83) -> 30114.474 | AH31: =LOG10(AG31) -> 4.4787753
A32: =(Untransformed!A81) -> 0.76328083 | B32: =(Untransformed!B81) -> 1.1382361 | C32: 1 | D32: =(Untransformed!D81) -> 0.9604268 | E32: =(Untransformed!E81) -> 0.25843117 | F32: =(Untransformed!F81) -> 1.0048173 | G32: =(Untransformed!G81) -> 1.3186868 | H32: =(Untransformed!H81) -> 1.4919181 | I32: =(Untransformed!I81) -> 1.1019997 | J32: =(Untransformed!J81) -> 0.2653217 | K32: 1 | L32: =(Untransformed!L81) -> 1.0974451 | M32: =(Untransformed!M81) -> 0.35108309 | N32: =(Untransformed!N81) -> 1.5377837 | O32: =(Untransformed!O81) -> 0.2848732 | P32: =(Untransformed!P81) -> 0.3127071 | Q32: =(Untransformed!Q81) -> 0.18245693 | R32: =(Untransformed!R81) -> 0.29650575 | S32: 1 | T32: =(Untransformed!T81) -> 1.2790012 | U32: =(Untransformed!U81) -> 1.809227 | V32: =(Untransformed!V81) -> 2.2381462 | W32: =(Untransformed!W81) -> 2.4652123 | X32: =(Untransformed!X81) -> 2.3933026 | Y32: =(Untransformed!Y81) -> 5.0706082 | Z32: =(Untransformed!Z81) -> 1.6631449 | AA32: 1 | AB32: =(Untransformed!AB81) -> 1.2597695 | AC32: =(Untransformed!AC81) -> 0.1088654 | AD32: =(Untransformed!AD81) -> 1.0168233 | AE32: =(Untransformed!AE81) -> 1.3620178 | AF32: =(Untransformed!AF81) -> 3.0799336 | AG32: =(Untransformed!AG81) -> 10802.288 | AH32: =LOG10(AG32) -> 4.0335158 | AI32: 1
A33: =(Untransformed!A74) -> 0.76328083 | B33: =(Untransformed!B74) -> 1.1382361 | C33: 1 | D33: =(Untransformed!D74) -> 0.9604268 | E33: =(Untransformed!E74) -> 0.25843117 | F33: =(Untransformed!F74) -> 1.0048173 | G33: =(Untransformed!G74) -> 1.3186868 | H33: =(Untransformed!H74) -> 1.4919181 | I33: =(Untransformed!I74) -> 1.1019997 | J33: =(Untransformed!J74) -> 0.2653217 | K33: 1 | L33: =(Untransformed!L74) -> 1.0974451 | M33: =(Untransformed!M74) -> 0.35108309 | N33: =(Untransformed!N74) -> 1.5377837 | O33: =(Untransformed!O74) -> 0.2848732 | P33: =(Untransformed!P74) -> 0.3127071 | Q33: =(Untransformed!Q74) -> 0.18549157 | R33: =(Untransformed!R74) -> 0.30109127 | S33: 1 | T33: =(Untransformed!T74) -> 1.279976 | U33: =(Untransformed!U74) -> 1.8097726 | V33: =(Untransformed!V74) -> 2.2356764 | W33: =(Untransformed!W74) -> 2.4663796 | X33: =(Untransformed!X74) -> 2.3966019 | Y33: =(Untransformed!Y74) -> 4.8773606 | Z33: =(Untransformed!Z74) -> 1.6021418 | AA33: 1 | AB33: =(Untransformed!AB74) -> 1.2621994 | AC33: =(Untransformed!AC74) -> 0.1106436 | AD33: =(Untransformed!AD74) -> 1.0273056 | AE33: =(Untransformed!AE74) -> 1.3575077 | AF33: =(Untransformed!AF74) -> 3.0750099 | AG33: =(Untransformed!AG74) -> 10802.563 | AH33: =LOG10(AG33) -> 4.0335268
A34: =(Untransformed!A75) -> 0.76328083 | B34: =(Untransformed!B75) -> 1.1382361 | C34: 1 | D34: =(Untransformed!D75) -> 0.9604268 | E34: =(Untransformed!E75) -> 0.25843117 | F34: =(Untransformed!F75) -> 1.0048173 | G34: =(Untransformed!G75) -> 1.3186868 | H34: =(Untransformed!H75) -> 1.4919181 | I34: =(Untransformed!I75) -> 1.1019997 | J34: =(Untransformed!J75) -> 0.2653217 | K34: 1 | L34: =(Untransformed!L75) -> 1.0974451 | M34: =(Untransformed!M75) -> 0.35108309 | N34: =(Untransformed!N75) -> 1.5377837 | O34: =(Untransformed!O75) -> 0.2848732 | P34: =(Untransformed!P75) -> 0.3127071 | Q34: =(Untransformed!Q75) -> 0.18476594 | R34: =(Untransformed!R75) -> 0.30421603 | S34: 1 | T34: =(Untransformed!T75) -> 1.277018 | U34: =(Untransformed!U75) -> 1.8161515 | V34: =(Untransformed!V75) -> 2.2487416 | W34: =(Untransformed!W75) -> 2.4673143 | X34: =(Untransformed!X75) -> 2.3981148 | Y34: =(Untransformed!Y75) -> 4.8846929 | Z34: =(Untransformed!Z75) -> 1.524723 | AA34: 1 | AB34: =(Untransformed!AB75) -> 1.2551827 | AC34: =(Untransformed!AC75) -> 0.11125877 | AD34: =(Untransformed!AD75) -> 0.98198715 | AE34: =(Untransformed!AE75) -> 1.3596097 | AF34: =(Untransformed!AF75) -> 3.0361504 | AG34: =(Untransformed!AG75) -> 10802.848 | AH34: =LOG10(AG34) -> 4.0335383
A35: =(Untransformed!A77) -> 0.76328083 | B35: =(Untransformed!B77) -> 1.1382361 | C35: 1 | D35: =(Untransformed!D77) -> 0.9604268 | E35: =(Untransformed!E77) -> 0.25843117 | F35: =(Untransformed!F77) -> 1.0048173 | G35: =(Untransformed!G77) -> 1.3186868 | H35: =(Untransformed!H77) -> 1.4919181 | I35: =(Untransformed!I77) -> 1.1019997 | J35: =(Untransformed!J77) -> 0.2653217 | K35: 1 | L35: =(Untransformed!L77) -> 1.0974451 | M35: =(Untransformed!M77) -> 0.35108309 | N35: =(Untransformed!N77) -> 1.5377837 | O35: =(Untransformed!O77) -> 0.2848732 | P35: =(Untransformed!P77) -> 0.3127071 | Q35: =(Untransformed!Q77) -> 0.18426082 | R35: =(Untransformed!R77) -> 0.31409235 | S35: 1 | T35: =(Untransformed!T77) -> 1.2832381 | U35: =(Untransformed!U77) -> 1.8214972 | V35: =(Untransformed!V77) -> 2.2786524 | W35: =(Untransformed!W77) -> 2.4951285 | X35: =(Untransformed!X77) -> 2.4098719 | Y35: =(Untransformed!Y77) -> 4.8006701 | Z35: =(Untransformed!Z77) -> 1.3398835 | AA35: 1 | AB35: =(Untransformed!AB77) -> 1.2143879 | AC35: =(Untransformed!AC77) -> 0.13073976 | AD35: =(Untransformed!AD77) -> 0.90160965 | AE35: =(Untransformed!AE77) -> 1.3069046 | AF35: =(Untransformed!AF77) -> 2.9561279 | AG35: =(Untransformed!AG77) -> 10806.031 | AH35: =LOG10(AG35) -> 4.0336662
A36: =(Untransformed!A79) -> 0.76328083 | B36: =(Untransformed!B79) -> 1.1382361 | C36: 1 | D36: =(Untransformed!D79) -> 0.9604268 | E36: =(Untransformed!E79) -> 0.25843117 | F36: =(Untransformed!F79) -> 1.0048173 | G36: =(Untransformed!G79) -> 1.3186868 | H36: =(Untransformed!H79) -> 1.4919181 | I36: =(Untransformed!I79) -> 1.1019997 | J36: =(Untransformed!J79) -> 0.2653217 | K36: 1 | L36: =(Untransformed!L79) -> 1.0974451 | M36: =(Untransformed!M79) -> 0.35108309 | N36: =(Untransformed!N79) -> 1.5377837 | O36: =(Untransformed!O79) -> 0.2848732 | P36: =(Untransformed!P79) -> 0.3127071 | Q36: =(Untransformed!Q79) -> 0.18572163 | R36: =(Untransformed!R79) -> 0.31975566 | S36: 1 | T36: =(Untransformed!T79) -> 1.2982419 | U36: =(Untransformed!U79) -> 1.8878727 | V36: =(Untransformed!V79) -> 2.3010372 | W36: =(Untransformed!W79) -> 2.5195646 | X36: =(Untransformed!X79) -> 2.4923034 | Y36: =(Untransformed!Y79) -> 4.6817143 | Z36: =(Untransformed!Z79) -> 1.2864429 | AA36: 1 | AB36: =(Untransformed!AB79) -> 1.2070402 | AC36: =(Untransformed!AC79) -> 0.022614798 | AD36: =(Untransformed!AD79) -> 0.90998804 | AE36: =(Untransformed!AE79) -> 1.25638 | AF36: =(Untransformed!AF79) -> 2.7289986 | AG36: =(Untransformed!AG79) -> 10813.897 | AH36: =LOG10(AG36) -> 4.0339822
A37: =(Untransformed!A76) -> 0.76328083 | B37: =(Untransformed!B76) -> 1.1382361 | C37: 1 | D37: =(Untransformed!D76) -> 0.9604268 | E37: =(Untransformed!E76) -> 0.25843117 | F37: =(Untransformed!F76) -> 1.0048173 | G37: =(Untransformed!G76) -> 1.3186868 | H37: =(Untransformed!H76) -> 1.4919181 | I37: =(Untransformed!I76) -> 1.1019997 | J37: =(Untransformed!J76) -> 0.2653217 | K37: 1 | L37: =(Untransformed!L76) -> 1.0974451 | M37: =(Untransformed!M76) -> 0.35108309 | N37: =(Untransformed!N76) -> 1.5377837 | O37: =(Untransformed!O76) -> 0.2848732 | P37: =(Untransformed!P76) -> 0.3127071 | Q37: =(Untransformed!Q76) -> 0.1900185 | R37: =(Untransformed!R76) -> 0.32504808 | S37: 1 | T37: =(Untransformed!T76) -> 1.3252136 | U37: =(Untransformed!U76) -> 1.9028619 | V37: =(Untransformed!V76) -> 2.2781298 | W37: =(Untransformed!W76) -> 2.5860307 | X37: =(Untransformed!X76) -> 2.5659773 | Y37: =(Untransformed!Y76) -> 4.5338577 | Z37: =(Untransformed!Z76) -> 1.2489394 | AA37: 1 | AB37: =(Untransformed!AB76) -> 1.121745 | AC37: =(Untransformed!AC76) -> 0.010314397 | AD37: =(Untransformed!AD76) -> 1.0116561 | AE37: =(Untransformed!AE76) -> 1.1014495 | AF37: =(Untransformed!AF76) -> 2.6080201 | AG37: =(Untransformed!AG76) -> 10819.57 | AH37: =LOG10(AG37) -> 4.03421
A38: =(Untransformed!A78) -> 0.76328083 | B38: =(Untransformed!B78) -> 1.1382361 | C38: 1 | D38: =(Untransformed!D78) -> 0.9604268 | E38: =(Untransformed!E78) -> 0.25843117 | F38: =(Untransformed!F78) -> 1.0048173 | G38: =(Untransformed!G78) -> 1.3186868 | H38: =(Untransformed!H78) -> 1.4919181 | I38: =(Untransformed!I78) -> 1.1019997 | J38: =(Untransformed!J78) -> 0.2653217 | K38: 1 | L38: =(Untransformed!L78) -> 1.0974451 | M38: =(Untransformed!M78) -> 0.35108309 | N38: =(Untransformed!N78) -> 1.5377837 | O38: =(Untransformed!O78) -> 0.2848732 | P38: =(Untransformed!P78) -> 0.3127071 | Q38: =(Untransformed!Q78) -> 0.17776715 | R38: =(Untransformed!R78) -> 0.26763095 | S38: 1 | T38: =(Untransformed!T78) -> 1.244415 | U38: =(Untransformed!U78) -> 1.78663 | V38: =(Untransformed!V78) -> 2.1939138 | W38: =(Untransformed!W78) -> 2.3556998 | X38: =(Untransformed!X78) -> 2.2919063 | Y38: =(Untransformed!Y78) -> 5.6731767 | Z38: =(Untransformed!Z78) -> 2.4008637 | AA38: 1 | AB38: =(Untransformed!AB78) -> 1.5070464 | AC38: =(Untransformed!AC78) -> 0.043802882 | AD38: =(Untransformed!AD78) -> 1.1599579 | AE38: =(Untransformed!AE78) -> 1.6574754 | AF38: =(Untransformed!AF78) -> 3.5644494 | AG38: =(Untransformed!AG78) -> 10820.709 | AH38: =LOG10(AG38) -> 4.0342557
A39: =(Untransformed!A72) -> 0.76328083 | B39: =(Untransformed!B72) -> 1.1382361 | C39: 1 | D39: =(Untransformed!D72) -> 0.9604268 | E39: =(Untransformed!E72) -> 0.25843117 | F39: =(Untransformed!F72) -> 1.0048173 | G39: =(Untransformed!G72) -> 1.3186868 | H39: =(Untransformed!H72) -> 1.4919181 | I39: =(Untransformed!I72) -> 1.1019997 | J39: =(Untransformed!J72) -> 0.2653217 | K39: 1 | L39: =(Untransformed!L72) -> 1.0974451 | M39: =(Untransformed!M72) -> 0.35108309 | N39: =(Untransformed!N72) -> 1.5377837 | O39: =(Untransformed!O72) -> 0.2848732 | P39: =(Untransformed!P72) -> 0.3127071 | Q39: =(Untransformed!Q72) -> 0.20354858 | R39: =(Untransformed!R72) -> 0.36409566 | S39: 1 | T39: =(Untransformed!T72) -> 1.3572721 | U39: =(Untransformed!U72) -> 1.9515501 | V39: =(Untransformed!V72) -> 2.4294476 | W39: =(Untransformed!W72) -> 2.6772582 | X39: =(Untransformed!X72) -> 2.650536 | Y39: =(Untransformed!Y72) -> 3.4272058 | Z39: =(Untransformed!Z72) -> 0.76689907 | AA39: 1 | AB39: =(Untransformed!AB72) -> 1.0184134 | AC39: =(Untransformed!AC72) -> 0.070641355 | AD39: =(Untransformed!AD72) -> 0.68814917 | AE39: =(Untransformed!AE72) -> 1.0609876 | AF39: =(Untransformed!AF72) -> 2.2752479 | AG39: =(Untransformed!AG72) -> 10851.744 | AH39: =LOG10(AG39) -> 4.0354996
A40: =(Untransformed!A73) -> 0.76328083 | B40: =(Untransformed!B73) -> 1.1382361 | C40: 1 | D40: =(Untransformed!D73) -> 0.9604268 | E40: =(Untransformed!E73) -> 0.25843117 | F40: =(Untransformed!F73) -> 1.0048173 | G40: =(Untransformed!G73) -> 1.3186868 | H40: =(Untransformed!H73) -> 1.4919181 | I40: =(Untransformed!I73) -> 1.1019997 | J40: =(Untransformed!J73) -> 0.2653217 | K40: 1 | L40: =(Untransformed!L73) -> 1.0974451 | M40: =(Untransformed!M73) -> 0.35108309 | N40: =(Untransformed!N73) -> 1.5377837 | O40: =(Untransformed!O73) -> 0.2848732 | P40: =(Untransformed!P73) -> 0.3127071 | Q40: =(Untransformed!Q73) -> 0.21075583 | R40: =(Untransformed!R73) -> 0.43433109 | S40: 1 | T40: =(Untransformed!T73) -> 1.6000667 | U40: =(Untransformed!U73) -> 2.1178989 | V40: =(Untransformed!V73) -> 2.4319707 | W40: =(Untransformed!W73) -> 3.0828547 | X40: =(Untransformed!X73) -> 3.1305892 | Y40: =(Untransformed!Y73) -> 3.4265101 | Z40: =(Untransformed!Z73) -> 0.20001738 | AA40: 1 | AB40: =(Untransformed!AB73) -> 0.46166093 | AC40: =(Untransformed!AC73) -> 0.030790838 | AD40: =(Untransformed!AD73) -> 0.81661884 | AE40: =(Untransformed!AE73) -> 0.53751161 | AF40: =(Untransformed!AF73) -> 1.4744172 | AG40: =(Untransformed!AG73) -> 11211.12 | AH40: =LOG10(AG40) -> 4.049649
A41: =(Untransformed!A80) -> 0.76328083 | B41: =(Untransformed!B80) -> 1.1382361 | C41: 1 | D41: =(Untransformed!D80) -> 0.9604268 | E41: =(Untransformed!E80) -> 0.25843117 | F41: =(Untransformed!F80) -> 1.0048173 | G41: =(Untransformed!G80) -> 1.3186868 | H41: =(Untransformed!H80) -> 1.4919181 | I41: =(Untransformed!I80) -> 1.1019997 | J41: =(Untransformed!J80) -> 0.2653217 | K41: 1 | L41: =(Untransformed!L80) -> 1.0974451 | M41: =(Untransformed!M80) -> 0.35108309 | N41: =(Untransformed!N80) -> 1.5377837 | O41: =(Untransformed!O80) -> 0.2848732 | P41: =(Untransformed!P80) -> 0.3127071 | Q41: =(Untransformed!Q80) -> 0.3126175 | R41: =(Untransformed!R80) -> 0.3625479 | S41: 1 | T41: =(Untransformed!T80) -> 1.5916794 | U41: =(Untransformed!U80) -> 2.1079979 | V41: =(Untransformed!V80) -> 2.742549 | W41: =(Untransformed!W80) -> 3.3228415 | X41: =(Untransformed!X80) -> 3.2044868 | Y41: =(Untransformed!Y80) -> 2.7262582e-06 | Z41: =(Untransformed!Z80) -> 0.9822212 | AA41: 1 | AB41: =(Untransformed!AB80) -> 0.6020042 | AC41: =(Untransformed!AC80) -> 0.14401625 | AD41: =(Untransformed!AD80) -> 0.39893668 | AE41: =(Untransformed!AE80) -> 0.61273702 | AF41: =(Untransformed!AF80) -> 1.4799045 | AG41: =(Untransformed!AG80) -> 11448.87 | AH41: =LOG10(AG41) -> 4.0587626
A42: =(Untransformed!A48) -> 1.0029453 | B42: =(Untransformed!B48) -> 0.67071281 | C42: 1 | D42: =(Untransformed!D48) -> 0.72187605 | E42: =(Untransformed!E48) -> 2.0696115 | F42: =(Untransformed!F48) -> 1.6209866 | G42: =(Untransformed!G48) -> 0.3140841 | H42: =(Untransformed!H48) -> 0.62791673 | I42: =(Untransformed!I48) -> 0.85058707 | J42: =(Untransformed!J48) -> 0.78219358 | K42: 1 | L42: =(Untransformed!L48) -> 1.428682 | M42: =(Untransformed!M48) -> 0.45884794 | N42: =(Untransformed!N48) -> 0.97231365 | O42: =(Untransformed!O48) -> 0.87337265 | P42: =(Untransformed!P48) -> 1.0050764 | Q42: =(Untransformed!Q48) -> 0.18334835 | R42: =(Untransformed!R48) -> 0.29973188 | S42: 1 | T42: =(Untransformed!T48) -> 1.2784917 | U42: =(Untransformed!U48) -> 1.8121279 | V42: =(Untransformed!V48) -> 2.2417198 | W42: =(Untransformed!W48) -> 2.4668556 | X42: =(Untransformed!X48) -> 2.3968791 | Y42: =(Untransformed!Y48) -> 5.0070142 | Z42: =(Untransformed!Z48) -> 1.610416 | AA42: 1 | AB42: =(Untransformed!AB48) -> 1.2613233 | AC42: =(Untransformed!AC48) -> 0.10689314 | AD42: =(Untransformed!AD48) -> 1.0093256 | AE42: =(Untransformed!AE48) -> 1.3585494 | AF42: =(Untransformed!AF48) -> 3.0645283 | AG42: =(Untransformed!AG48) -> 10802.209 | AH42: =LOG10(AG42) -> 4.0335126 | AI42: 1
A43: =(Untransformed!A47) -> 1.0029453 | B43: =(Untransformed!B47) -> 0.67071281 | C43: 1 | D43: =(Untransformed!D47) -> 0.72187605 | E43: =(Untransformed!E47) -> 2.0696115 | F43: =(Untransformed!F47) -> 1.6209866 | G43: =(Untransformed!G47) -> 0.3140841 | H43: =(Untransformed!H47) -> 0.62791673 | I43: =(Untransformed!I47) -> 0.85058707 | J43: =(Untransformed!J47) -> 0.78219358 | K43: 1 | L43: =(Untransformed!L47) -> 1.428682 | M43: =(Untransformed!M47) -> 0.45884794 | N43: =(Untransformed!N47) -> 0.97231365 | O43: =(Untransformed!O47) -> 0.87337265 | P43: =(Untransformed!P47) -> 1.0050764 | Q43: =(Untransformed!Q47) -> 0.18277651 | R43: =(Untransformed!R47) -> 0.2981546 | S43: 1 | T43: =(Untransformed!T47) -> 1.2779315 | U43: =(Untransformed!U47) -> 1.8143095 | V43: =(Untransformed!V47) -> 2.2437005 | W43: =(Untransformed!W47) -> 2.4703273 | X43: =(Untransformed!X47) -> 2.4006544 | Y43: =(Untransformed!Y47) -> 5.0300678 | Z43: =(Untransformed!Z47) -> 1.6338259 | AA43: 1 | AB43: =(Untransformed!AB47) -> 1.2624821 | AC43: =(Untransformed!AC47) -> 0.10163369 | AD43: =(Untransformed!AD47) -> 1.005416 | AE43: =(Untransformed!AE47) -> 1.3520779 | AF43: =(Untransformed!AF47) -> 3.056193 | AG43: =(Untransformed!AG47) -> 10802.302 | AH43: =LOG10(AG43) -> 4.0335163
A44: =(Untransformed!A49) -> 1.0029453 | B44: =(Untransformed!B49) -> 0.67071281 | C44: 1 | D44: =(Untransformed!D49) -> 0.72187605 | E44: =(Untransformed!E49) -> 2.0696115 | F44: =(Untransformed!F49) -> 1.6209866 | G44: =(Untransformed!G49) -> 0.3140841 | H44: =(Untransformed!H49) -> 0.62791673 | I44: =(Untransformed!I49) -> 0.85058707 | J44: =(Untransformed!J49) -> 0.78219358 | K44: 1 | L44: =(Untransformed!L49) -> 1.428682 | M44: =(Untransformed!M49) -> 0.45884794 | N44: =(Untransformed!N49) -> 0.97231365 | O44: =(Untransformed!O49) -> 0.87337265 | P44: =(Untransformed!P49) -> 1.0050764 | Q44: =(Untransformed!Q49) -> 0.18390369 | R44: =(Untransformed!R49) -> 0.30106573 | S44: 1 | T44: =(Untransformed!T49) -> 1.2792366 | U44: =(Untransformed!U49) -> 1.8126478 | V44: =(Untransformed!V49) -> 2.2473708 | W44: =(Untransformed!W49) -> 2.4702129 | X44: =(Untransformed!X49) -> 2.397436 | Y44: =(Untransformed!Y49) -> 4.9558215 | Z44: =(Untransformed!Z49) -> 1.5838377 | AA44: 1 | AB44: =(Untransformed!AB49) -> 1.2568503 | AC44: =(Untransformed!AC49) -> 0.11013238 | AD44: =(Untransformed!AD49) -> 0.99532452 | AE44: =(Untransformed!AE49) -> 1.3536405 | AF44: =(Untransformed!AF49) -> 3.0546952 | AG44: =(Untransformed!AG49) -> 10802.321 | AH44: =LOG10(AG44) -> 4.0335171
A45: =(Untransformed!A51) -> 1.0029453 | B45: =(Untransformed!B51) -> 0.67071281 | C45: 1 | D45: =(Untransformed!D51) -> 0.72187605 | E45: =(Untransformed!E51) -> 2.0696115 | F45: =(Untransformed!F51) -> 1.6209866 | G45: =(Untransformed!G51) -> 0.3140841 | H45: =(Untransformed!H51) -> 0.62791673 | I45: =(Untransformed!I51) -> 0.85058707 | J45: =(Untransformed!J51) -> 0.78219358 | K45: 1 | L45: =(Untransformed!L51) -> 1.428682 | M45: =(Untransformed!M51) -> 0.45884794 | N45: =(Untransformed!N51) -> 0.97231365 | O45: =(Untransformed!O51) -> 0.87337265 | P45: =(Untransformed!P51) -> 1.0050764 | Q45: =(Untransformed!Q51) -> 0.18130375 | R45: =(Untransformed!R51) -> 0.29373551 | S45: 1 | T45: =(Untransformed!T51) -> 1.2737019 | U45: =(Untransformed!U51) -> 1.8009774 | V45: =(Untransformed!V51) -> 2.236248 | W45: =(Untransformed!W51) -> 2.4549363 | X45: =(Untransformed!X51) -> 2.3783012 | Y45: =(Untransformed!Y51) -> 5.1559831 | Z45: =(Untransformed!Z51) -> 1.7177443 | AA45: 1 | AB45: =(Untransformed!AB51) -> 1.2868332 | AC45: =(Untransformed!AC51) -> 0.11544412 | AD45: =(Untransformed!AD51) -> 1.0209772 | AE45: =(Untransformed!AE51) -> 1.3914089 | AF45: =(Untransformed!AF51) -> 3.1466222 | AG45: =(Untransformed!AG51) -> 10802.414 | AH45: =LOG10(AG45) -> 4.0335208
A46: =(Untransformed!A50) -> 1.0029453 | B46: =(Untransformed!B50) -> 0.67071281 | C46: 1 | D46: =(Untransformed!D50) -> 0.72187605 | E46: =(Untransformed!E50) -> 2.0696115 | F46: =(Untransformed!F50) -> 1.6209866 | G46: =(Untransformed!G50) -> 0.3140841 | H46: =(Untransformed!H50) -> 0.62791673 | I46: =(Untransformed!I50) -> 0.85058707 | J46: =(Untransformed!J50) -> 0.78219358 | K46: 1 | L46: =(Untransformed!L50) -> 1.428682 | M46: =(Untransformed!M50) -> 0.45884794 | N46: =(Untransformed!N50) -> 0.97231365 | O46: =(Untransformed!O50) -> 0.87337265 | P46: =(Untransformed!P50) -> 1.0050764 | Q46: =(Untransformed!Q50) -> 0.18268279 | R46: =(Untransformed!R50) -> 0.29507184 | S46: 1 | T46: =(Untransformed!T50) -> 1.2742064 | U46: =(Untransformed!U50) -> 1.802351 | V46: =(Untransformed!V50) -> 2.2334804 | W46: =(Untransformed!W50) -> 2.4645182 | X46: =(Untransformed!X50) -> 2.3881223 | Y46: =(Untransformed!Y50) -> 5.1019515 | Z46: =(Untransformed!Z50) -> 1.6978813 | AA46: 1 | AB46: =(Untransformed!AB50) -> 1.2817479 | AC46: =(Untransformed!AC50) -> 0.11435629 | AD46: =(Untransformed!AD50) -> 1.0325282 | AE46: =(Untransformed!AE50) -> 1.3647929 | AF46: =(Untransformed!AF50) -> 3.1299957 | AG46: =(Untransformed!AG50) -> 10802.435 | AH46: =LOG10(AG46) -> 4.0335217
A47: =(Untransformed!A46) -> 1.0029453 | B47: =(Untransformed!B46) -> 0.67071281 | C47: 1 | D47: =(Untransformed!D46) -> 0.72187605 | E47: =(Untransformed!E46) -> 2.0696115 | F47: =(Untransformed!F46) -> 1.6209866 | G47: =(Untransformed!G46) -> 0.3140841 | H47: =(Untransformed!H46) -> 0.62791673 | I47: =(Untransformed!I46) -> 0.85058707 | J47: =(Untransformed!J46) -> 0.78219358 | K47: 1 | L47: =(Untransformed!L46) -> 1.428682 | M47: =(Untransformed!M46) -> 0.45884794 | N47: =(Untransformed!N46) -> 0.97231365 | O47: =(Untransformed!O46) -> 0.87337265 | P47: =(Untransformed!P46) -> 1.0050764 | Q47: =(Untransformed!Q46) -> 0.18359104 | R47: =(Untransformed!R46) -> 0.29629744 | S47: 1 | T47: =(Untransformed!T46) -> 1.2742264 | U47: =(Untransformed!U46) -> 1.798529 | V47: =(Untransformed!V46) -> 2.242786 | W47: =(Untransformed!W46) -> 2.4650141 | X47: =(Untransformed!X46) -> 2.3799401 | Y47: =(Untransformed!Y46) -> 4.9757376 | Z47: =(Untransformed!Z46) -> 1.6788949 | AA47: 1 | AB47: =(Untransformed!AB46) -> 1.2774114 | AC47: =(Untransformed!AC46) -> 0.12685631 | AD47: =(Untransformed!AD46) -> 0.99877482 | AE47: =(Untransformed!AE46) -> 1.3746287 | AF47: =(Untransformed!AF46) -> 3.1292964 | AG47: =(Untransformed!AG46) -> 10802.706 | AH47: =LOG10(AG47) -> 4.0335325
A48: =(Untransformed!A43) -> 1.0029453 | B48: =(Untransformed!B43) -> 0.67071281 | C48: 1 | D48: =(Untransformed!D43) -> 0.72187605 | E48: =(Untransformed!E43) -> 2.0696115 | F48: =(Untransformed!F43) -> 1.6209866 | G48: =(Untransformed!G43) -> 0.3140841 | H48: =(Untransformed!H43) -> 0.62791673 | I48: =(Untransformed!I43) -> 0.85058707 | J48: =(Untransformed!J43) -> 0.78219358 | K48: 1 | L48: =(Untransformed!L43) -> 1.428682 | M48: =(Untransformed!M43) -> 0.45884794 | N48: =(Untransformed!N43) -> 0.97231365 | O48: =(Untransformed!O43) -> 0.87337265 | P48: =(Untransformed!P43) -> 1.0050764 | Q48: =(Untransformed!Q43) -> 0.19299018 | R48: =(Untransformed!R43) -> 0.38671105 | S48: 1 | T48: =(Untransformed!T43) -> 1.3290873 | U48: =(Untransformed!U43) -> 1.9108314 | V48: =(Untransformed!V43) -> 2.4156078 | W48: =(Untransformed!W43) -> 2.6351664 | X48: =(Untransformed!X43) -> 2.581016 | Y48: =(Untransformed!Y43) -> 3.951876 | Z48: =(Untransformed!Z43) -> 0.45543745 | AA48: 1 | AB48: =(Untransformed!AB43) -> 1.0159997 | AC48: =(Untransformed!AC43) -> 0.13016323 | AD48: =(Untransformed!AD43) -> 0.63484224 | AE48: =(Untransformed!AE43) -> 1.0964534 | AF48: =(Untransformed!AF43) -> 2.347798 | AG48: =(Untransformed!AG43) -> 10861.262 | AH48: =LOG10(AG48) -> 4.0358803
A49: =(Untransformed!A42) -> 1.0029453 | B49: =(Untransformed!B42) -> 0.67071281 | C49: 1 | D49: =(Untransformed!D42) -> 0.72187605 | E49: =(Untransformed!E42) -> 2.0696115 | F49: =(Untransformed!F42) -> 1.6209866 | G49: =(Untransformed!G42) -> 0.3140841 | H49: =(Untransformed!H42) -> 0.62791673 | I49: =(Untransformed!I42) -> 0.85058707 | J49: =(Untransformed!J42) -> 0.78219358 | K49: 1 | L49: =(Untransformed!L42) -> 1.428682 | M49: =(Untransformed!M42) -> 0.45884794 | N49: =(Untransformed!N42) -> 0.97231365 | O49: =(Untransformed!O42) -> 0.87337265 | P49: =(Untransformed!P42) -> 1.0050764 | Q49: =(Untransformed!Q42) -> 0.17307587 | R49: =(Untransformed!R42) -> 0.41181274 | S49: 1 | T49: =(Untransformed!T42) -> 1.549045 | U49: =(Untransformed!U42) -> 2.2749272 | V49: =(Untransformed!V42) -> 2.7611907 | W49: =(Untransformed!W42) -> 2.9646744 | X49: =(Untransformed!X42) -> 3.3019476 | Y49: =(Untransformed!Y42) -> 3.9600317 | Z49: =(Untransformed!Z42) -> 0.04151783 | AA49: 1 | AB49: =(Untransformed!AB42) -> 0.51880894 | AC49: =(Untransformed!AC42) -> 1.1336688e-09 | AD49: =(Untransformed!AD42) -> 0.24879794 | AE49: =(Untransformed!AE42) -> 0.81036632 | AF49: =(Untransformed!AF42) -> 1.0649543 | AG49: =(Untransformed!AG42) -> 11631.776 | AH49: =LOG10(AG49) -> 4.065646
A50: =(Untransformed!A45) -> 1.0029453 | B50: =(Untransformed!B45) -> 0.67071281 | C50: 1 | D50: =(Untransformed!D45) -> 0.72187605 | E50: =(Untransformed!E45) -> 2.0696115 | F50: =(Untransformed!F45) -> 1.6209866 | G50: =(Untransformed!G45) -> 0.3140841 | H50: =(Untransformed!H45) -> 0.62791673 | I50: =(Untransformed!I45) -> 0.85058707 | J50: =(Untransformed!J45) -> 0.78219358 | K50: 1 | L50: =(Untransformed!L45) -> 1.428682 | M50: =(Untransformed!M45) -> 0.45884794 | N50: =(Untransformed!N45) -> 0.97231365 | O50: =(Untransformed!O45) -> 0.87337265 | P50: =(Untransformed!P45) -> 1.0050764 | Q50: =(Untransformed!Q45) -> 0.39128493 | R50: =(Untransformed!R45) -> 0.44601771 | S50: 1 | T50: =(Untransformed!T45) -> 1.7124363 | U50: =(Untransformed!U45) -> 2.0896053 | V50: =(Untransformed!V45) -> 1.8592387 | W50: =(Untransformed!W45) -> 3.1055994 | X50: =(Untransformed!X45) -> 3.0921383 | Y50: =(Untransformed!Y45) -> 0.0016944234 | Z50: =(Untransformed!Z45) -> 0.10036113 | AA50: 1 | AB50: =(Untransformed!AB45) -> 0.15744381 | AC50: =(Untransformed!AC45) -> 0.0057826534 | AD50: =(Untransformed!AD45) -> 1.800134 | AE50: =(Untransformed!AE45) -> 8.9162258e-06 | AF50: =(Untransformed!AF45) -> 1.5666233 | AG50: =(Untransformed!AG45) -> 13041.833 | AH50: =LOG10(AG50) -> 4.1153386
A51: =(Untransformed!A44) -> 1.0029453 | B51: =(Untransformed!B44) -> 0.67071281 | C51: 1 | D51: =(Untransformed!D44) -> 0.72187605 | E51: =(Untransformed!E44) -> 2.0696115 | F51: =(Untransformed!F44) -> 1.6209866 | G51: =(Untransformed!G44) -> 0.3140841 | H51: =(Untransformed!H44) -> 0.62791673 | I51: =(Untransformed!I44) -> 0.85058707 | J51: =(Untransformed!J44) -> 0.78219358 | K51: 1 | L51: =(Untransformed!L44) -> 1.428682 | M51: =(Untransformed!M44) -> 0.45884794 | N51: =(Untransformed!N44) -> 0.97231365 | O51: =(Untransformed!O44) -> 0.87337265 | P51: =(Untransformed!P44) -> 1.0050764 | Q51: =(Untransformed!Q44) -> 0.14218092 | R51: =(Untransformed!R44) -> 0.19353972 | S51: 1 | T51: =(Untransformed!T44) -> 1.0713584 | U51: =(Untransformed!U44) -> 1.1002437 | V51: =(Untransformed!V44) -> 1.4347469 | W51: =(Untransformed!W44) -> 2.3934885 | X51: =(Untransformed!X44) -> 2.3687317 | Y51: =(Untransformed!Y44) -> 1.3754673e-05 | Z51: =(Untransformed!Z44) -> 0.024846332 | AA51: 1 | AB51: =(Untransformed!AB44) -> 5.6540559e-05 | AC51: =(Untransformed!AC44) -> 1.2081477 | AD51: =(Untransformed!AD44) -> 2.0865531 | AE51: =(Untransformed!AE44) -> 1.1528473e-05 | AF51: =(Untransformed!AF44) -> 1.9114446 | AG51: =(Untransformed!AG44) -> 18285.77 | AH51: =LOG10(AG51) -> 4.2621133
A52: =(Untransformed!A16) -> 1.2412975 | B52: =(Untransformed!B16) -> 0.76869681 | C52: 1 | D52: =(Untransformed!D16) -> 0.97820407 | E52: =(Untransformed!E16) -> 0.7356072 | F52: =(Untransformed!F16) -> 0.35638763 | G52: =(Untransformed!G16) -> 0.97386917 | H52: =(Untransformed!H16) -> 1.7044039 | I52: =(Untransformed!I16) -> 0.6289006 | J52: =(Untransformed!J16) -> 1.4785891 | K52: 1 | L52: =(Untransformed!L16) -> 0.18605358 | M52: =(Untransformed!M16) -> 0.42368424 | N52: =(Untransformed!N16) -> 0.3656391 | O52: =(Untransformed!O16) -> 0.8434365 | P52: =(Untransformed!P16) -> 1.0323773 | Q52: =(Untransformed!Q16) -> 0.18305856 | R52: =(Untransformed!R16) -> 0.29851743 | S52: 1 | T52: =(Untransformed!T16) -> 1.276383 | U52: =(Untransformed!U16) -> 1.8127549 | V52: =(Untransformed!V16) -> 2.2312505 | W52: =(Untransformed!W16) -> 2.4586392 | X52: =(Untransformed!X16) -> 2.3949936 | Y52: =(Untransformed!Y16) -> 5.0656066 | Z52: =(Untransformed!Z16) -> 1.6422227 | AA52: 1 | AB52: =(Untransformed!AB16) -> 1.2761948 | AC52: =(Untransformed!AC16) -> 0.093634285 | AD52: =(Untransformed!AD16) -> 1.0418429 | AE52: =(Untransformed!AE16) -> 1.3664129 | AF52: =(Untransformed!AF16) -> 3.0851232 | AG52: =(Untransformed!AG16) -> 10802.389 | AH52: =LOG10(AG52) -> 4.0335198 | AI52: 1
A53: =(Untransformed!A12) -> 1.2412975 | B53: =(Untransformed!B12) -> 0.76869681 | C53: 1 | D53: =(Untransformed!D12) -> 0.97820407 | E53: =(Untransformed!E12) -> 0.7356072 | F53: =(Untransformed!F12) -> 0.35638763 | G53: =(Untransformed!G12) -> 0.97386917 | H53: =(Untransformed!H12) -> 1.7044039 | I53: =(Untransformed!I12) -> 0.6289006 | J53: =(Untransformed!J12) -> 1.4785891 | K53: 1 | L53: =(Untransformed!L12) -> 0.18605358 | M53: =(Untransformed!M12) -> 0.42368424 | N53: =(Untransformed!N12) -> 0.3656391 | O53: =(Untransformed!O12) -> 0.8434365 | P53: =(Untransformed!P12) -> 1.0323773 | Q53: =(Untransformed!Q12) -> 0.18449369 | R53: =(Untransformed!R12) -> 0.30221957 | S53: 1 | T53: =(Untransformed!T12) -> 1.2868103 | U53: =(Untransformed!U12) -> 1.8218123 | V53: =(Untransformed!V12) -> 2.2592661 | W53: =(Untransformed!W12) -> 2.4852022 | X53: =(Untransformed!X12) -> 2.4189887 | Y53: =(Untransformed!Y12) -> 4.8671021 | Z53: =(Untransformed!Z12) -> 1.5418082 | AA53: 1 | AB53: =(Untransformed!AB12) -> 1.225942 | AC53: =(Untransformed!AC12) -> 0.10902299 | AD53: =(Untransformed!AD12) -> 0.96543895 | AE53: =(Untransformed!AE12) -> 1.3303596 | AF53: =(Untransformed!AF12) -> 2.9698502 | AG53: =(Untransformed!AG12) -> 10802.932 | AH53: =LOG10(AG53) -> 4.0335416
A54: =(Untransformed!A21) -> 1.2412975 | B54: =(Untransformed!B21) -> 0.76869681 | C54: 1 | D54: =(Untransformed!D21) -> 0.97820407 | E54: =(Untransformed!E21) -> 0.7356072 | F54: =(Untransformed!F21) -> 0.35638763 | G54: =(Untransformed!G21) -> 0.97386917 | H54: =(Untransformed!H21) -> 1.7044039 | I54: =(Untransformed!I21) -> 0.6289006 | J54: =(Untransformed!J21) -> 1.4785891 | K54: 1 | L54: =(Untransformed!L21) -> 0.18605358 | M54: =(Untransformed!M21) -> 0.42368424 | N54: =(Untransformed!N21) -> 0.3656391 | O54: =(Untransformed!O21) -> 0.8434365 | P54: =(Untransformed!P21) -> 1.0323773 | Q54: =(Untransformed!Q21) -> 0.18055023 | R54: =(Untransformed!R21) -> 0.29785125 | S54: 1 | T54: =(Untransformed!T21) -> 1.2677708 | U54: =(Untransformed!U21) -> 1.7939193 | V54: =(Untransformed!V21) -> 2.2303201 | W54: =(Untransformed!W21) -> 2.4486864 | X54: =(Untransformed!X21) -> 2.3707064 | Y54: =(Untransformed!Y21) -> 5.2143273 | Z54: =(Untransformed!Z21) -> 1.6223486 | AA54: 1 | AB54: =(Untransformed!AB21) -> 1.2863198 | AC54: =(Untransformed!AC21) -> 0.12646244 | AD54: =(Untransformed!AD21) -> 1.0197404 | AE54: =(Untransformed!AE21) -> 1.3901324 | AF54: =(Untransformed!AF21) -> 3.1515777 | AG54: =(Untransformed!AG21) -> 10802.936 | AH54: =LOG10(AG54) -> 4.0335418
A55: =(Untransformed!A14) -> 1.2412975 | B55: =(Untransformed!B14) -> 0.76869681 | C55: 1 | D55: =(Untransformed!D14) -> 0.97820407 | E55: =(Untransformed!E14) -> 0.7356072 | F55: =(Untransformed!F14) -> 0.35638763 | G55: =(Untransformed!G14) -> 0.97386917 | H55: =(Untransformed!H14) -> 1.7044039 | I55: =(Untransformed!I14) -> 0.6289006 | J55: =(Untransformed!J14) -> 1.4785891 | K55: 1 | L55: =(Untransformed!L14) -> 0.18605358 | M55: =(Untransformed!M14) -> 0.42368424 | N55: =(Untransformed!N14) -> 0.3656391 | O55: =(Untransformed!O14) -> 0.8434365 | P55: =(Untransformed!P14) -> 1.0323773 | Q55: =(Untransformed!Q14) -> 0.18185326 | R55: =(Untransformed!R14) -> 0.29292747 | S55: 1 | T55: =(Untransformed!T14) -> 1.2680588 | U55: =(Untransformed!U14) -> 1.7908222 | V55: =(Untransformed!V14) -> 2.2058746 | W55: =(Untransformed!W14) -> 2.4340532 | X55: =(Untransformed!X14) -> 2.3618506 | Y55: =(Untransformed!Y14) -> 5.2359555 | Z55: =(Untransformed!Z14) -> 1.7635524 | AA55: 1 | AB55: =(Untransformed!AB14) -> 1.3110692 | AC55: =(Untransformed!AC14) -> 0.11117898 | AD55: =(Untransformed!AD14) -> 1.1001012 | AE55: =(Untransformed!AE14) -> 1.414082 | AF55: =(Untransformed!AF14) -> 3.2254621 | AG55: =(Untransformed!AG14) -> 10803.094 | AH55: =LOG10(AG55) -> 4.0335481
A56: =(Untransformed!A19) -> 1.2412975 | B56: =(Untransformed!B19) -> 0.76869681 | C56: 1 | D56: =(Untransformed!D19) -> 0.97820407 | E56: =(Untransformed!E19) -> 0.7356072 | F56: =(Untransformed!F19) -> 0.35638763 | G56: =(Untransformed!G19) -> 0.97386917 | H56: =(Untransformed!H19) -> 1.7044039 | I56: =(Untransformed!I19) -> 0.6289006 | J56: =(Untransformed!J19) -> 1.4785891 | K56: 1 | L56: =(Untransformed!L19) -> 0.18605358 | M56: =(Untransformed!M19) -> 0.42368424 | N56: =(Untransformed!N19) -> 0.3656391 | O56: =(Untransformed!O19) -> 0.8434365 | P56: =(Untransformed!P19) -> 1.0323773 | Q56: =(Untransformed!Q19) -> 0.18195819 | R56: =(Untransformed!R19) -> 0.2979366 | S56: 1 | T56: =(Untransformed!T19) -> 1.2781521 | U56: =(Untransformed!U19) -> 1.8169713 | V56: =(Untransformed!V19) -> 2.2350397 | W56: =(Untransformed!W19) -> 2.4558322 | X56: =(Untransformed!X19) -> 2.3859353 | Y56: =(Untransformed!Y19) -> 5.1736578 | Z56: =(Untransformed!Z19) -> 1.6543724 | AA56: 1 | AB56: =(Untransformed!AB19) -> 1.2867454 | AC56: =(Untransformed!AC19) -> 0.082099534 | AD56: =(Untransformed!AD19) -> 1.0462372 | AE56: =(Untransformed!AE19) -> 1.377132 | AF56: =(Untransformed!AF19) -> 3.1139861 | AG56: =(Untransformed!AG19) -> 10803.261 | AH56: =LOG10(AG56) -> 4.0335549
A57: =(Untransformed!A20) -> 1.2412975 | B57: =(Untransformed!B20) -> 0.76869681 | C57: 1 | D57: =(Untransformed!D20) -> 0.97820407 | E57: =(Untransformed!E20) -> 0.7356072 | F57: =(Untransformed!F20) -> 0.35638763 | G57: =(Untransformed!G20) -> 0.97386917 | H57: =(Untransformed!H20) -> 1.7044039 | I57: =(Untransformed!I20) -> 0.6289006 | J57: =(Untransformed!J20) -> 1.4785891 | K57: 1 | L57: =(Untransformed!L20) -> 0.18605358 | M57: =(Untransformed!M20) -> 0.42368424 | N57: =(Untransformed!N20) -> 0.3656391 | O57: =(Untransformed!O20) -> 0.8434365 | P57: =(Untransformed!P20) -> 1.0323773 | Q57: =(Untransformed!Q20) -> 0.18511473 | R57: =(Untransformed!R20) -> 0.30143733 | S57: 1 | T57: =(Untransformed!T20) -> 1.2823051 | U57: =(Untransformed!U20) -> 1.7987438 | V57: =(Untransformed!V20) -> 2.2380875 | W57: =(Untransformed!W20) -> 2.4705835 | X57: =(Untransformed!X20) -> 2.3930576 | Y57: =(Untransformed!Y20) -> 4.9208957 | Z57: =(Untransformed!Z20) -> 1.5811765 | AA57: 1 | AB57: =(Untransformed!AB20) -> 1.2398905 | AC57: =(Untransformed!AC20) -> 0.14056158 | AD57: =(Untransformed!AD20) -> 1.0136983 | AE57: =(Untransformed!AE20) -> 1.3491564 | AF57: =(Untransformed!AF20) -> 3.0830848 | AG57: =(Untransformed!AG20) -> 10803.589 | AH57: =LOG10(AG57) -> 4.0335681
A58: =(Untransformed!A17) -> 1.2412975 | B58: =(Untransformed!B17) -> 0.76869681 | C58: 1 | D58: =(Untransformed!D17) -> 0.97820407 | E58: =(Untransformed!E17) -> 0.7356072 | F58: =(Untransformed!F17) -> 0.35638763 | G58: =(Untransformed!G17) -> 0.97386917 | H58: =(Untransformed!H17) -> 1.7044039 | I58: =(Untransformed!I17) -> 0.6289006 | J58: =(Untransformed!J17) -> 1.4785891 | K58: 1 | L58: =(Untransformed!L17) -> 0.18605358 | M58: =(Untransformed!M17) -> 0.42368424 | N58: =(Untransformed!N17) -> 0.3656391 | O58: =(Untransformed!O17) -> 0.8434365 | P58: =(Untransformed!P17) -> 1.0323773 | Q58: =(Untransformed!Q17) -> 0.18297834 | R58: =(Untransformed!R17) -> 0.30127645 | S58: 1 | T58: =(Untransformed!T17) -> 1.2797141 | U58: =(Untransformed!U17) -> 1.8313572 | V58: =(Untransformed!V17) -> 2.2370969 | W58: =(Untransformed!W17) -> 2.4660358 | X58: =(Untransformed!X17) -> 2.4149111 | Y58: =(Untransformed!Y17) -> 5.0474689 | Z58: =(Untransformed!Z17) -> 1.6020808 | AA58: 1 | AB58: =(Untransformed!AB17) -> 1.2743688 | AC58: =(Untransformed!AC17) -> 0.061406325 | AD58: =(Untransformed!AD17) -> 1.0427052 | AE58: =(Untransformed!AE17) -> 1.3470114 | AF58: =(Untransformed!AF17) -> 3.0219336 | AG58: =(Untransformed!AG17) -> 10804.041 | AH58: =LOG10(AG58) -> 4.0335862
A59: =(Untransformed!A13) -> 1.2412975 | B59: =(Untransformed!B13) -> 0.76869681 | C59: 1 | D59: =(Untransformed!D13) -> 0.97820407 | E59: =(Untransformed!E13) -> 0.7356072 | F59: =(Untransformed!F13) -> 0.35638763 | G59: =(Untransformed!G13) -> 0.97386917 | H59: =(Untransformed!H13) -> 1.7044039 | I59: =(Untransformed!I13) -> 0.6289006 | J59: =(Untransformed!J13) -> 1.4785891 | K59: 1 | L59: =(Untransformed!L13) -> 0.18605358 | M59: =(Untransformed!M13) -> 0.42368424 | N59: =(Untransformed!N13) -> 0.3656391 | O59: =(Untransformed!O13) -> 0.8434365 | P59: =(Untransformed!P13) -> 1.0323773 | Q59: =(Untransformed!Q13) -> 0.17900348 | R59: =(Untransformed!R13) -> 0.28240765 | S59: 1 | T59: =(Untransformed!T13) -> 1.2579239 | U59: =(Untransformed!U13) -> 1.7797097 | V59: =(Untransformed!V13) -> 2.2090238 | W59: =(Untransformed!W13) -> 2.4175737 | X59: =(Untransformed!X13) -> 2.3340452 | Y59: =(Untransformed!Y13) -> 5.5018172 | Z59: =(Untransformed!Z13) -> 1.9824225 | AA59: 1 | AB59: =(Untransformed!AB13) -> 1.3702039 | AC59: =(Untransformed!AC13) -> 0.11763884 | AD59: =(Untransformed!AD13) -> 1.0949123 | AE59: =(Untransformed!AE13) -> 1.4817838 | AF59: =(Untransformed!AF13) -> 3.3655285 | AG59: =(Untransformed!AG13) -> 10805.15 | AH59: =LOG10(AG59) -> 4.0336308
A60: =(Untransformed!A18) -> 1.2412975 | B60: =(Untransformed!B18) -> 0.76869681 | C60: 1 | D60: =(Untransformed!D18) -> 0.97820407 | E60: =(Untransformed!E18) -> 0.7356072 | F60: =(Untransformed!F18) -> 0.35638763 | G60: =(Untransformed!G18) -> 0.97386917 | H60: =(Untransformed!H18) -> 1.7044039 | I60: =(Untransformed!I18) -> 0.6289006 | J60: =(Untransformed!J18) -> 1.4785891 | K60: 1 | L60: =(Untransformed!L18) -> 0.18605358 | M60: =(Untransformed!M18) -> 0.42368424 | N60: =(Untransformed!N18) -> 0.3656391 | O60: =(Untransformed!O18) -> 0.8434365 | P60: =(Untransformed!P18) -> 1.0323773 | Q60: =(Untransformed!Q18) -> 0.2350243 | R60: =(Untransformed!R18) -> 0.3975146 | S60: 1 | T60: =(Untransformed!T18) -> 1.352929 | U60: =(Untransformed!U18) -> 1.9513334 | V60: =(Untransformed!V18) -> 2.4020818 | W60: =(Untransformed!W18) -> 2.7274897 | X60: =(Untransformed!X18) -> 2.6854127 | Y60: =(Untransformed!Y18) -> 1.7418848 | Z60: =(Untransformed!Z18) -> 0.59374885 | AA60: 1 | AB60: =(Untransformed!AB18) -> 1.0370616 | AC60: =(Untransformed!AC18) -> 0.070053274 | AD60: =(Untransformed!AD18) -> 0.72084231 | AE60: =(Untransformed!AE18) -> 0.96355954 | AF60: =(Untransformed!AF18) -> 2.2213557 | AG60: =(Untransformed!AG18) -> 10973.227 | AH60: =LOG10(AG60) -> 4.0403344
A61: =(Untransformed!A15) -> 1.2412975 | B61: =(Untransformed!B15) -> 0.76869681 | C61: 1 | D61: =(Untransformed!D15) -> 0.97820407 | E61: =(Untransformed!E15) -> 0.7356072 | F61: =(Untransformed!F15) -> 0.35638763 | G61: =(Untransformed!G15) -> 0.97386917 | H61: =(Untransformed!H15) -> 1.7044039 | I61: =(Untransformed!I15) -> 0.6289006 | J61: =(Untransformed!J15) -> 1.4785891 | K61: 1 | L61: =(Untransformed!L15) -> 0.18605358 | M61: =(Untransformed!M15) -> 0.42368424 | N61: =(Untransformed!N15) -> 0.3656391 | O61: =(Untransformed!O15) -> 0.8434365 | P61: =(Untransformed!P15) -> 1.0323773 | Q61: =(Untransformed!Q15) -> 0.24441998 | R61: =(Untransformed!R15) -> 0.33224673 | S61: 1 | T61: =(Untransformed!T15) -> 1.2832611 | U61: =(Untransformed!U15) -> 1.7811372 | V61: =(Untransformed!V15) -> 2.1518559 | W61: =(Untransformed!W15) -> 2.4304755 | X61: =(Untransformed!X15) -> 2.3612427 | Y61: =(Untransformed!Y15) -> 0.49610053 | Z61: =(Untransformed!Z15) -> 1.56376 | AA61: 1 | AB61: =(Untransformed!AB15) -> 1.4485276 | AC61: =(Untransformed!AC15) -> 0.13007389 | AD61: =(Untransformed!AD15) -> 1.2688248 | AE61: =(Untransformed!AE15) -> 1.445645 | AF61: =(Untransformed!AF15) -> 3.3438335 | AG61: =(Untransformed!AG15) -> 11091.989 | AH61: =LOG10(AG61) -> 4.0450094
A62: =(Untransformed!A2) -> 1.2883195 | B62: =(Untransformed!B2) -> 1.5881146 | C62: 1 | D62: =(Untransformed!D2) -> 0.30462764 | E62: =(Untransformed!E2) -> 0.65418833 | F62: =(Untransformed!F2) -> 0.81571258 | G62: =(Untransformed!G2) -> 1.3178923 | H62: =(Untransformed!H2) -> 1.112446 | I62: =(Untransformed!I2) -> 0.32334112 | J62: =(Untransformed!J2) -> 0.68525252 | K62: 1 | L62: =(Untransformed!L2) -> 0.72026097 | M62: =(Untransformed!M2) -> 1.2793036 | N62: =(Untransformed!N2) -> 0.84149434 | O62: =(Untransformed!O2) -> 1.1399313 | P62: =(Untransformed!P2) -> 2.1282672 | Q62: =(Untransformed!Q2) -> 0.18155573 | R62: =(Untransformed!R2) -> 0.29926359 | S62: 1 | T62: =(Untransformed!T2) -> 1.2756143 | U62: =(Untransformed!U2) -> 1.8103123 | V62: =(Untransformed!V2) -> 2.2368284 | W62: =(Untransformed!W2) -> 2.4576894 | X62: =(Untransformed!X2) -> 2.3887079 | Y62: =(Untransformed!Y2) -> 5.1358513 | Z62: =(Untransformed!Z2) -> 1.6176066 | AA62: 1 | AB62: =(Untransformed!AB2) -> 1.269717 | AC62: =(Untransformed!AC2) -> 0.1043196 | AD62: =(Untransformed!AD2) -> 1.0167224 | AE62: =(Untransformed!AE2) -> 1.371546 | AF62: =(Untransformed!AF2) -> 3.0871243 | AG62: =(Untransformed!AG2) -> 10802.343 | AH62: =LOG10(AG62) -> 4.033518 | AI62: 1
A63: =(Untransformed!A11) -> 1.2883195 | B63: =(Untransformed!B11) -> 1.5881146 | C63: 1 | D63: =(Untransformed!D11) -> 0.30462764 | E63: =(Untransformed!E11) -> 0.65418833 | F63: =(Untransformed!F11) -> 0.81571258 | G63: =(Untransformed!G11) -> 1.3178923 | H63: =(Untransformed!H11) -> 1.112446 | I63: =(Untransformed!I11) -> 0.32334112 | J63: =(Untransformed!J11) -> 0.68525252 | K63: 1 | L63: =(Untransformed!L11) -> 0.72026097 | M63: =(Untransformed!M11) -> 1.2793036 | N63: =(Untransformed!N11) -> 0.84149434 | O63: =(Untransformed!O11) -> 1.1399313 | P63: =(Untransformed!P11) -> 2.1282672 | Q63: =(Untransformed!Q11) -> 0.18249396 | R63: =(Untransformed!R11) -> 0.29543943 | S63: 1 | T63: =(Untransformed!T11) -> 1.2753522 | U63: =(Untransformed!U11) -> 1.8121542 | V63: =(Untransformed!V11) -> 2.2329284 | W63: =(Untransformed!W11) -> 2.4566754 | X63: =(Untransformed!X11) -> 2.3900136 | Y63: =(Untransformed!Y11) -> 5.1121152 | Z63: =(Untransformed!Z11) -> 1.7037639 | AA63: 1 | AB63: =(Untransformed!AB11) -> 1.2882268 | AC63: =(Untransformed!AC11) -> 0.090768665 | AD63: =(Untransformed!AD11) -> 1.0414412 | AE63: =(Untransformed!AE11) -> 1.37913 | AF63: =(Untransformed!AF11) -> 3.1112758 | AG63: =(Untransformed!AG11) -> 10802.574 | AH63: =LOG10(AG63) -> 4.0335273
A64: =(Untransformed!A6) -> 1.2883195 | B64: =(Untransformed!B6) -> 1.5881146 | C64: 1 | D64: =(Untransformed!D6) -> 0.30462764 | E64: =(Untransformed!E6) -> 0.65418833 | F64: =(Untransformed!F6) -> 0.81571258 | G64: =(Untransformed!G6) -> 1.3178923 | H64: =(Untransformed!H6) -> 1.112446 | I64: =(Untransformed!I6) -> 0.32334112 | J64: =(Untransformed!J6) -> 0.68525252 | K64: 1 | L64: =(Untransformed!L6) -> 0.72026097 | M64: =(Untransformed!M6) -> 1.2793036 | N64: =(Untransformed!N6) -> 0.84149434 | O64: =(Untransformed!O6) -> 1.1399313 | P64: =(Untransformed!P6) -> 2.1282672 | Q64: =(Untransformed!Q6) -> 0.18456624 | R64: =(Untransformed!R6) -> 0.29619379 | S64: 1 | T64: =(Untransformed!T6) -> 1.2815188 | U64: =(Untransformed!U6) -> 1.805068 | V64: =(Untransformed!V6) -> 2.2338819 | W64: =(Untransformed!W6) -> 2.4661737 | X64: =(Untransformed!X6) -> 2.393741 | Y64: =(Untransformed!Y6) -> 4.94799 | Z64: =(Untransformed!Z6) -> 1.6700104 | AA64: 1 | AB64: =(Untransformed!AB6) -> 1.243781 | AC64: =(Untransformed!AC6) -> 0.120298 | AD64: =(Untransformed!AD6) -> 1.0242029 | AE64: =(Untransformed!AE6) -> 1.3573647 | AF64: =(Untransformed!AF6) -> 3.0713854 | AG64: =(Untransformed!AG6) -> 10802.779 | AH64: =LOG10(AG64) -> 4.0335355
A65: =(Untransformed!A5) -> 1.2883195 | B65: =(Untransformed!B5) -> 1.5881146 | C65: 1 | D65: =(Untransformed!D5) -> 0.30462764 | E65: =(Untransformed!E5) -> 0.65418833 | F65: =(Untransformed!F5) -> 0.81571258 | G65: =(Untransformed!G5) -> 1.3178923 | H65: =(Untransformed!H5) -> 1.112446 | I65: =(Untransformed!I5) -> 0.32334112 | J65: =(Untransformed!J5) -> 0.68525252 | K65: 1 | L65: =(Untransformed!L5) -> 0.72026097 | M65: =(Untransformed!M5) -> 1.2793036 | N65: =(Untransformed!N5) -> 0.84149434 | O65: =(Untransformed!O5) -> 1.1399313 | P65: =(Untransformed!P5) -> 2.1282672 | Q65: =(Untransformed!Q5) -> 0.18116025 | R65: =(Untransformed!R5) -> 0.29155201 | S65: 1 | T65: =(Untransformed!T5) -> 1.2661953 | U65: =(Untransformed!U5) -> 1.7931214 | V65: =(Untransformed!V5) -> 2.2149822 | W65: =(Untransformed!W5) -> 2.4331852 | X65: =(Untransformed!X5) -> 2.3622794 | Y65: =(Untransformed!Y5) -> 5.2644199 | Z65: =(Untransformed!Z5) -> 1.7810601 | AA65: 1 | AB65: =(Untransformed!AB5) -> 1.3198434 | AC65: =(Untransformed!AC5) -> 0.10834753 | AD65: =(Untransformed!AD5) -> 1.0744695 | AE65: =(Untransformed!AE5) -> 1.4275846 | AF65: =(Untransformed!AF5) -> 3.219778 | AG65: =(Untransformed!AG5) -> 10802.893 | AH65: =LOG10(AG65) -> 4.0335401
A66: =(Untransformed!A3) -> 1.2883195 | B66: =(Untransformed!B3) -> 1.5881146 | C66: 1 | D66: =(Untransformed!D3) -> 0.30462764 | E66: =(Untransformed!E3) -> 0.65418833 | F66: =(Untransformed!F3) -> 0.81571258 | G66: =(Untransformed!G3) -> 1.3178923 | H66: =(Untransformed!H3) -> 1.112446 | I66: =(Untransformed!I3) -> 0.32334112 | J66: =(Untransformed!J3) -> 0.68525252 | K66: 1 | L66: =(Untransformed!L3) -> 0.72026097 | M66: =(Untransformed!M3) -> 1.2793036 | N66: =(Untransformed!N3) -> 0.84149434 | O66: =(Untransformed!O3) -> 1.1399313 | P66: =(Untransformed!P3) -> 2.1282672 | Q66: =(Untransformed!Q3) -> 0.18424668 | R66: =(Untransformed!R3) -> 0.30396817 | S66: 1 | T66: =(Untransformed!T3) -> 1.2843383 | U66: =(Untransformed!U3) -> 1.8314098 | V66: =(Untransformed!V3) -> 2.2554082 | W66: =(Untransformed!W3) -> 2.4878405 | X66: =(Untransformed!X3) -> 2.4257613 | Y66: =(Untransformed!Y3) -> 4.9073791 | Z66: =(Untransformed!Z3) -> 1.5396554 | AA66: 1 | AB66: =(Untransformed!AB3) -> 1.2457713 | AC66: =(Untransformed!AC3) -> 0.084215451 | AD66: =(Untransformed!AD3) -> 0.99443608 | AE66: =(Untransformed!AE3) -> 1.3161904 | AF66: =(Untransformed!AF3) -> 2.9761525 | AG66: =(Untransformed!AG3) -> 10803.053 | AH66: =LOG10(AG66) -> 4.0335465
A67: =(Untransformed!A10) -> 1.2883195 | B67: =(Untransformed!B10) -> 1.5881146 | C67: 1 | D67: =(Untransformed!D10) -> 0.30462764 | E67: =(Untransformed!E10) -> 0.65418833 | F67: =(Untransformed!F10) -> 0.81571258 | G67: =(Untransformed!G10) -> 1.3178923 | H67: =(Untransformed!H10) -> 1.112446 | I67: =(Untransformed!I10) -> 0.32334112 | J67: =(Untransformed!J10) -> 0.68525252 | K67: 1 | L67: =(Untransformed!L10) -> 0.72026097 | M67: =(Untransformed!M10) -> 1.2793036 | N67: =(Untransformed!N10) -> 0.84149434 | O67: =(Untransformed!O10) -> 1.1399313 | P67: =(Untransformed!P10) -> 2.1282672 | Q67: =(Untransformed!Q10) -> 0.17848287 | R67: =(Untransformed!R10) -> 0.28776794 | S67: 1 | T67: =(Untransformed!T10) -> 1.2605586 | U67: =(Untransformed!U10) -> 1.7895205 | V67: =(Untransformed!V10) -> 2.2248687 | W67: =(Untransformed!W10) -> 2.4262598 | X67: =(Untransformed!X10) -> 2.3483859 | Y67: =(Untransformed!Y10) -> 5.4439923 | Z67: =(Untransformed!Z10) -> 1.8460138 | AA67: 1 | AB67: =(Untransformed!AB10) -> 1.3455941 | AC67: =(Untransformed!AC10) -> 0.11328266 | AD67: =(Untransformed!AD10) -> 1.0450585 | AE67: =(Untransformed!AE10) -> 1.4593624 | AF67: =(Untransformed!AF10) -> 3.2732801 | AG67: =(Untransformed!AG10) -> 10803.766 | AH67: =LOG10(AG67) -> 4.0335752
A68: =(Untransformed!A7) -> 1.2883195 | B68: =(Untransformed!B7) -> 1.5881146 | C68: 1 | D68: =(Untransformed!D7) -> 0.30462764 | E68: =(Untransformed!E7) -> 0.65418833 | F68: =(Untransformed!F7) -> 0.81571258 | G68: =(Untransformed!G7) -> 1.3178923 | H68: =(Untransformed!H7) -> 1.112446 | I68: =(Untransformed!I7) -> 0.32334112 | J68: =(Untransformed!J7) -> 0.68525252 | K68: 1 | L68: =(Untransformed!L7) -> 0.72026097 | M68: =(Untransformed!M7) -> 1.2793036 | N68: =(Untransformed!N7) -> 0.84149434 | O68: =(Untransformed!O7) -> 1.1399313 | P68: =(Untransformed!P7) -> 2.1282672 | Q68: =(Untransformed!Q7) -> 0.1795867 | R68: =(Untransformed!R7) -> 0.28710988 | S68: 1 | T68: =(Untransformed!T7) -> 1.2716575 | U68: =(Untransformed!U7) -> 1.7993038 | V68: =(Untransformed!V7) -> 2.224779 | W68: =(Untransformed!W7) -> 2.4464809 | X68: =(Untransformed!X7) -> 2.3702565 | Y68: =(Untransformed!Y7) -> 5.3949281 | Z68: =(Untransformed!Z7) -> 1.8650471 | AA68: 1 | AB68: =(Untransformed!AB7) -> 1.3110194 | AC68: =(Untransformed!AC7) -> 0.11353137 | AD68: =(Untransformed!AD7) -> 1.0599551 | AE68: =(Untransformed!AE7) -> 1.4198756 | AF68: =(Untransformed!AF7) -> 3.2217902 | AG68: =(Untransformed!AG7) -> 10804.022 | AH68: =LOG10(AG68) -> 4.0335855
A69: =(Untransformed!A9) -> 1.2883195 | B69: =(Untransformed!B9) -> 1.5881146 | C69: 1 | D69: =(Untransformed!D9) -> 0.30462764 | E69: =(Untransformed!E9) -> 0.65418833 | F69: =(Untransformed!F9) -> 0.81571258 | G69: =(Untransformed!G9) -> 1.3178923 | H69: =(Untransformed!H9) -> 1.112446 | I69: =(Untransformed!I9) -> 0.32334112 | J69: =(Untransformed!J9) -> 0.68525252 | K69: 1 | L69: =(Untransformed!L9) -> 0.72026097 | M69: =(Untransformed!M9) -> 1.2793036 | N69: =(Untransformed!N9) -> 0.84149434 | O69: =(Untransformed!O9) -> 1.1399313 | P69: =(Untransformed!P9) -> 2.1282672 | Q69: =(Untransformed!Q9) -> 0.18105805 | R69: =(Untransformed!R9) -> 0.29023783 | S69: 1 | T69: =(Untransformed!T9) -> 1.2737812 | U69: =(Untransformed!U9) -> 1.7920147 | V69: =(Untransformed!V9) -> 2.2340262 | W69: =(Untransformed!W9) -> 2.4697212 | X69: =(Untransformed!X9) -> 2.3704967 | Y69: =(Untransformed!Y9) -> 5.2538547 | Z69: =(Untransformed!Z9) -> 1.7850891 | AA69: 1 | AB69: =(Untransformed!AB9) -> 1.2767622 | AC69: =(Untransformed!AC9) -> 0.14149601 | AD69: =(Untransformed!AD9) -> 1.0325717 | AE69: =(Untransformed!AE9) -> 1.3688989 | AF69: =(Untransformed!AF9) -> 3.1977792 | AG69: =(Untransformed!AG9) -> 10804.268 | AH69: =LOG10(AG69) -> 4.0335954
A70: =(Untransformed!A8) -> 1.2883195 | B70: =(Untransformed!B8) -> 1.5881146 | C70: 1 | D70: =(Untransformed!D8) -> 0.30462764 | E70: =(Untransformed!E8) -> 0.65418833 | F70: =(Untransformed!F8) -> 0.81571258 | G70: =(Untransformed!G8) -> 1.3178923 | H70: =(Untransformed!H8) -> 1.112446 | I70: =(Untransformed!I8) -> 0.32334112 | J70: =(Untransformed!J8) -> 0.68525252 | K70: 1 | L70: =(Untransformed!L8) -> 0.72026097 | M70: =(Untransformed!M8) -> 1.2793036 | N70: =(Untransformed!N8) -> 0.84149434 | O70: =(Untransformed!O8) -> 1.1399313 | P70: =(Untransformed!P8) -> 2.1282672 | Q70: =(Untransformed!Q8) -> 0.18260496 | R70: =(Untransformed!R8) -> 0.28587202 | S70: 1 | T70: =(Untransformed!T8) -> 1.2819186 | U70: =(Untransformed!U8) -> 1.819389 | V70: =(Untransformed!V8) -> 2.2824355 | W70: =(Untransformed!W8) -> 2.4860868 | X70: =(Untransformed!X8) -> 2.4039882 | Y70: =(Untransformed!Y8) -> 4.9510073 | Z70: =(Untransformed!Z8) -> 1.8094528 | AA70: 1 | AB70: =(Untransformed!AB8) -> 1.2536583 | AC70: =(Untransformed!AC8) -> 0.10702127 | AD70: =(Untransformed!AD8) -> 0.90571896 | AE70: =(Untransformed!AE8) -> 1.3645868 | AF70: =(Untransformed!AF8) -> 3.0222056 | AG70: =(Untransformed!AG8) -> 10806.789 | AH70: =LOG10(AG70) -> 4.0336967
A71: =(Untransformed!A4) -> 1.2883195 | B71: =(Untransformed!B4) -> 1.5881146 | C71: 1 | D71: =(Untransformed!D4) -> 0.30462764 | E71: =(Untransformed!E4) -> 0.65418833 | F71: =(Untransformed!F4) -> 0.81571258 | G71: =(Untransformed!G4) -> 1.3178923 | H71: =(Untransformed!H4) -> 1.112446 | I71: =(Untransformed!I4) -> 0.32334112 | J71: =(Untransformed!J4) -> 0.68525252 | K71: 1 | L71: =(Untransformed!L4) -> 0.72026097 | M71: =(Untransformed!M4) -> 1.2793036 | N71: =(Untransformed!N4) -> 0.84149434 | O71: =(Untransformed!O4) -> 1.1399313 | P71: =(Untransformed!P4) -> 2.1282672 | Q71: =(Untransformed!Q4) -> 0.18775563 | R71: =(Untransformed!R4) -> 0.34674327 | S71: 1 | T71: =(Untransformed!T4) -> 1.3147554 | U71: =(Untransformed!U4) -> 1.9071661 | V71: =(Untransformed!V4) -> 2.3323739 | W71: =(Untransformed!W4) -> 2.5704082 | X71: =(Untransformed!X4) -> 2.5438011 | Y71: =(Untransformed!Y4) -> 4.4036 | Z71: =(Untransformed!Z4) -> 0.93336448 | AA71: 1 | AB71: =(Untransformed!AB4) -> 1.1259557 | AC71: =(Untransformed!AC4) -> 0.037325268 | AD71: =(Untransformed!AD4) -> 0.83598631 | AE71: =(Untransformed!AE4) -> 1.160177 | AF71: =(Untransformed!AF4) -> 2.5437047 | AG71: =(Untransformed!AG4) -> 10824.303 | AH71: =LOG10(AG71) -> 4.0344
A72: =(Untransformed!A22) -> 1.3226221 | B72: =(Untransformed!B22) -> 0.85115489 | C72: 1 | D72: =(Untransformed!D22) -> 2.0748724 | E72: =(Untransformed!E22) -> 0.35872516 | F72: =(Untransformed!F22) -> 2.9898966 | G72: =(Untransformed!G22) -> 0.7823412 | H72: =(Untransformed!H22) -> 1.0945516 | I72: =(Untransformed!I22) -> 1.1768643 | J72: =(Untransformed!J22) -> 0.56238061 | K72: 1 | L72: =(Untransformed!L22) -> 0.946075 | M72: =(Untransformed!M22) -> 0.81246543 | N72: =(Untransformed!N22) -> 2.0224622 | O72: =(Untransformed!O22) -> 1.284904 | P72: =(Untransformed!P22) -> 1.0562034 | Q72: =(Untransformed!Q22) -> 0.18305337 | R72: =(Untransformed!R22) -> 0.29867347 | S72: 1 | T72: =(Untransformed!T22) -> 1.2766953 | U72: =(Untransformed!U22) -> 1.8090213 | V72: =(Untransformed!V22) -> 2.2398965 | W72: =(Untransformed!W22) -> 2.4635478 | X72: =(Untransformed!X22) -> 2.3916356 | Y72: =(Untransformed!Y22) -> 5.0349905 | Z72: =(Untransformed!Z22) -> 1.6284652 | AA72: 1 | AB72: =(Untransformed!AB22) -> 1.2679802 | AC72: =(Untransformed!AC22) -> 0.10954188 | AD72: =(Untransformed!AD22) -> 1.0118008 | AE72: =(Untransformed!AE22) -> 1.3662694 | AF72: =(Untransformed!AF22) -> 3.0844856 | AG72: =(Untransformed!AG22) -> 10802.18 | AH72: =LOG10(AG72) -> 4.0335114 | AI72: 1
A73: =(Untransformed!A29) -> 1.3226221 | B73: =(Untransformed!B29) -> 0.85115489 | C73: 1 | D73: =(Untransformed!D29) -> 2.0748724 | E73: =(Untransformed!E29) -> 0.35872516 | F73: =(Untransformed!F29) -> 2.9898966 | G73: =(Untransformed!G29) -> 0.7823412 | H73: =(Untransformed!H29) -> 1.0945516 | I73: =(Untransformed!I29) -> 1.1768643 | J73: =(Untransformed!J29) -> 0.56238061 | K73: 1 | L73: =(Untransformed!L29) -> 0.946075 | M73: =(Untransformed!M29) -> 0.81246543 | N73: =(Untransformed!N29) -> 2.0224622 | O73: =(Untransformed!O29) -> 1.284904 | P73: =(Untransformed!P29) -> 1.0562034 | Q73: =(Untransformed!Q29) -> 0.18312169 | R73: =(Untransformed!R29) -> 0.29698938 | S73: 1 | T73: =(Untransformed!T29) -> 1.276363 | U73: =(Untransformed!U29) -> 1.8065407 | V73: =(Untransformed!V29) -> 2.2309534 | W73: =(Untransformed!W29) -> 2.462274 | X73: =(Untransformed!X29) -> 2.3914823 | Y73: =(Untransformed!Y29) -> 5.0636751 | Z73: =(Untransformed!Z29) -> 1.6671059 | AA73: 1 | AB73: =(Untransformed!AB29) -> 1.2716559 | AC73: =(Untransformed!AC29) -> 0.10630479 | AD73: =(Untransformed!AD29) -> 1.0394322 | AE73: =(Untransformed!AE29) -> 1.3624625 | AF73: =(Untransformed!AF29) -> 3.1017443 | AG73: =(Untransformed!AG29) -> 10802.264 | AH73: =LOG10(AG73) -> 4.0335148
A74: =(Untransformed!A24) -> 1.3226221 | B74: =(Untransformed!B24) -> 0.85115489 | C74: 1 | D74: =(Untransformed!D24) -> 2.0748724 | E74: =(Untransformed!E24) -> 0.35872516 | F74: =(Untransformed!F24) -> 2.9898966 | G74: =(Untransformed!G24) -> 0.7823412 | H74: =(Untransformed!H24) -> 1.0945516 | I74: =(Untransformed!I24) -> 1.1768643 | J74: =(Untransformed!J24) -> 0.56238061 | K74: 1 | L74: =(Untransformed!L24) -> 0.946075 | M74: =(Untransformed!M24) -> 0.81246543 | N74: =(Untransformed!N24) -> 2.0224622 | O74: =(Untransformed!O24) -> 1.284904 | P74: =(Untransformed!P24) -> 1.0562034 | Q74: =(Untransformed!Q24) -> 0.18238195 | R74: =(Untransformed!R24) -> 0.29630964 | S74: 1 | T74: =(Untransformed!T24) -> 1.2719702 | U74: =(Untransformed!U24) -> 1.8020726 | V74: =(Untransformed!V24) -> 2.2283227 | W74: =(Untransformed!W24) -> 2.4489852 | X74: =(Untransformed!X24) -> 2.3772379 | Y74: =(Untransformed!Y24) -> 5.1212406 | Z74: =(Untransformed!Z24) -> 1.6817626 | AA74: 1 | AB74: =(Untransformed!AB24) -> 1.2901352 | AC74: =(Untransformed!AC24) -> 0.10944727 | AD74: =(Untransformed!AD24) -> 1.0398774 | AE74: =(Untransformed!AE24) -> 1.3927317 | AF74: =(Untransformed!AF24) -> 3.1446976 | AG74: =(Untransformed!AG24) -> 10802.271 | AH74: =LOG10(AG74) -> 4.0335151
A75: =(Untransformed!A30) -> 1.3226221 | B75: =(Untransformed!B30) -> 0.85115489 | C75: 1 | D75: =(Untransformed!D30) -> 2.0748724 | E75: =(Untransformed!E30) -> 0.35872516 | F75: =(Untransformed!F30) -> 2.9898966 | G75: =(Untransformed!G30) -> 0.7823412 | H75: =(Untransformed!H30) -> 1.0945516 | I75: =(Untransformed!I30) -> 1.1768643 | J75: =(Untransformed!J30) -> 0.56238061 | K75: 1 | L75: =(Untransformed!L30) -> 0.946075 | M75: =(Untransformed!M30) -> 0.81246543 | N75: =(Untransformed!N30) -> 2.0224622 | O75: =(Untransformed!O30) -> 1.284904 | P75: =(Untransformed!P30) -> 1.0562034 | Q75: =(Untransformed!Q30) -> 0.1837651 | R75: =(Untransformed!R30) -> 0.30284759 | S75: 1 | T75: =(Untransformed!T30) -> 1.2798499 | U75: =(Untransformed!U30) -> 1.8158581 | V75: =(Untransformed!V30) -> 2.2453835 | W75: =(Untransformed!W30) -> 2.4689497 | X75: =(Untransformed!X30) -> 2.3988677 | Y75: =(Untransformed!Y30) -> 4.9720469 | Z75: =(Untransformed!Z30) -> 1.5549258 | AA75: 1 | AB75: =(Untransformed!AB30) -> 1.2549324 | AC75: =(Untransformed!AC30) -> 0.10520985 | AD75: =(Untransformed!AD30) -> 0.99959717 | AE75: =(Untransformed!AE30) -> 1.3521162 | AF75: =(Untransformed!AF30) -> 3.0457672 | AG75: =(Untransformed!AG30) -> 10802.389 | AH75: =LOG10(AG75) -> 4.0335198
A76: =(Untransformed!A23) -> 1.3226221 | B76: =(Untransformed!B23) -> 0.85115489 | C76: 1 | D76: =(Untransformed!D23) -> 2.0748724 | E76: =(Untransformed!E23) -> 0.35872516 | F76: =(Untransformed!F23) -> 2.9898966 | G76: =(Untransformed!G23) -> 0.7823412 | H76: =(Untransformed!H23) -> 1.0945516 | I76: =(Untransformed!I23) -> 1.1768643 | J76: =(Untransformed!J23) -> 0.56238061 | K76: 1 | L76: =(Untransformed!L23) -> 0.946075 | M76: =(Untransformed!M23) -> 0.81246543 | N76: =(Untransformed!N23) -> 2.0224622 | O76: =(Untransformed!O23) -> 1.284904 | P76: =(Untransformed!P23) -> 1.0562034 | Q76: =(Untransformed!Q23) -> 0.18367867 | R76: =(Untransformed!R23) -> 0.3015321 | S76: 1 | T76: =(Untransformed!T23) -> 1.271957 | U76: =(Untransformed!U23) -> 1.808267 | V76: =(Untransformed!V23) -> 2.234773 | W76: =(Untransformed!W23) -> 2.4564988 | X76: =(Untransformed!X23) -> 2.385242 | Y76: =(Untransformed!Y23) -> 5.0140178 | Z76: =(Untransformed!Z23) -> 1.5937828 | AA76: 1 | AB76: =(Untransformed!AB23) -> 1.2820723 | AC76: =(Untransformed!AC23) -> 0.1081945 | AD76: =(Untransformed!AD23) -> 1.0216732 | AE76: =(Untransformed!AE23) -> 1.3764157 | AF76: =(Untransformed!AF23) -> 3.1059837 | AG76: =(Untransformed!AG23) -> 10802.453 | AH76: =LOG10(AG76) -> 4.0335224
A77: =(Untransformed!A27) -> 1.3226221 | B77: =(Untransformed!B27) -> 0.85115489 | C77: 1 | D77: =(Untransformed!D27) -> 2.0748724 | E77: =(Untransformed!E27) -> 0.35872516 | F77: =(Untransformed!F27) -> 2.9898966 | G77: =(Untransformed!G27) -> 0.7823412 | H77: =(Untransformed!H27) -> 1.0945516 | I77: =(Untransformed!I27) -> 1.1768643 | J77: =(Untransformed!J27) -> 0.56238061 | K77: 1 | L77: =(Untransformed!L27) -> 0.946075 | M77: =(Untransformed!M27) -> 0.81246543 | N77: =(Untransformed!N27) -> 2.0224622 | O77: =(Untransformed!O27) -> 1.284904 | P77: =(Untransformed!P27) -> 1.0562034 | Q77: =(Untransformed!Q27) -> 0.18162785 | R77: =(Untransformed!R27) -> 0.29189267 | S77: 1 | T77: =(Untransformed!T27) -> 1.2701182 | U77: =(Untransformed!U27) -> 1.7978001 | V77: =(Untransformed!V27) -> 2.2318169 | W77: =(Untransformed!W27) -> 2.4448982 | X77: =(Untransformed!X27) -> 2.3684122 | Y77: =(Untransformed!Y27) -> 5.1823363 | Z77: =(Untransformed!Z27) -> 1.760909 | AA77: 1 | AB77: =(Untransformed!AB27) -> 1.302923 | AC77: =(Untransformed!AC27) -> 0.11554993 | AD77: =(Untransformed!AD27) -> 1.0283546 | AE77: =(Untransformed!AE27) -> 1.4156619 | AF77: =(Untransformed!AF27) -> 3.1811644 | AG77: =(Untransformed!AG27) -> 10802.56 | AH77: =LOG10(AG77) -> 4.0335267
A78: =(Untransformed!A25) -> 1.3226221 | B78: =(Untransformed!B25) -> 0.85115489 | C78: 1 | D78: =(Untransformed!D25) -> 2.0748724 | E78: =(Untransformed!E25) -> 0.35872516 | F78: =(Untransformed!F25) -> 2.9898966 | G78: =(Untransformed!G25) -> 0.7823412 | H78: =(Untransformed!H25) -> 1.0945516 | I78: =(Untransformed!I25) -> 1.1768643 | J78: =(Untransformed!J25) -> 0.56238061 | K78: 1 | L78: =(Untransformed!L25) -> 0.946075 | M78: =(Untransformed!M25) -> 0.81246543 | N78: =(Untransformed!N25) -> 2.0224622 | O78: =(Untransformed!O25) -> 1.284904 | P78: =(Untransformed!P25) -> 1.0562034 | Q78: =(Untransformed!Q25) -> 0.18263187 | R78: =(Untransformed!R25) -> 0.29300698 | S78: 1 | T78: =(Untransformed!T25) -> 1.2746705 | U78: =(Untransformed!U25) -> 1.7976119 | V78: =(Untransformed!V25) -> 2.241927 | W78: =(Untransformed!W25) -> 2.4612077 | X78: =(Untransformed!X25) -> 2.378338 | Y78: =(Untransformed!Y25) -> 5.0827145 | Z78: =(Untransformed!Z25) -> 1.7289905 | AA78: 1 | AB78: =(Untransformed!AB25) -> 1.2771163 | AC78: =(Untransformed!AC25) -> 0.13062451 | AD78: =(Untransformed!AD25) -> 1.0029191 | AE78: =(Untransformed!AE25) -> 1.3880436 | AF78: =(Untransformed!AF25) -> 3.1422714 | AG78: =(Untransformed!AG25) -> 10802.771 | AH78: =LOG10(AG78) -> 4.0335352
A79: =(Untransformed!A28) -> 1.3226221 | B79: =(Untransformed!B28) -> 0.85115489 | C79: 1 | D79: =(Untransformed!D28) -> 2.0748724 | E79: =(Untransformed!E28) -> 0.35872516 | F79: =(Untransformed!F28) -> 2.9898966 | G79: =(Untransformed!G28) -> 0.7823412 | H79: =(Untransformed!H28) -> 1.0945516 | I79: =(Untransformed!I28) -> 1.1768643 | J79: =(Untransformed!J28) -> 0.56238061 | K79: 1 | L79: =(Untransformed!L28) -> 0.946075 | M79: =(Untransformed!M28) -> 0.81246543 | N79: =(Untransformed!N28) -> 2.0224622 | O79: =(Untransformed!O28) -> 1.284904 | P79: =(Untransformed!P28) -> 1.0562034 | Q79: =(Untransformed!Q28) -> 0.18095678 | R79: =(Untransformed!R28) -> 0.29132762 | S79: 1 | T79: =(Untransformed!T28) -> 1.2725135 | U79: =(Untransformed!U28) -> 1.8017373 | V79: =(Untransformed!V28) -> 2.2245643 | W79: =(Untransformed!W28) -> 2.4335005 | X79: =(Untransformed!X28) -> 2.3656225 | Y79: =(Untransformed!Y28) -> 5.2277574 | Z79: =(Untransformed!Z28) -> 1.7707822 | AA79: 1 | AB79: =(Untransformed!AB28) -> 1.3033947 | AC79: =(Untransformed!AC28) -> 0.10896347 | AD79: =(Untransformed!AD28) -> 1.0456234 | AE79: =(Untransformed!AE28) -> 1.4355586 | AF79: =(Untransformed!AF28) -> 3.1855493 | AG79: =(Untransformed!AG28) -> 10803.044 | AH79: =LOG10(AG79) -> 4.0335461
A80: =(Untransformed!A31) -> 1.3226221 | B80: =(Untransformed!B31) -> 0.85115489 | C80: 1 | D80: =(Untransformed!D31) -> 2.0748724 | E80: =(Untransformed!E31) -> 0.35872516 | F80: =(Untransformed!F31) -> 2.9898966 | G80: =(Untransformed!G31) -> 0.7823412 | H80: =(Untransformed!H31) -> 1.0945516 | I80: =(Untransformed!I31) -> 1.1768643 | J80: =(Untransformed!J31) -> 0.56238061 | K80: 1 | L80: =(Untransformed!L31) -> 0.946075 | M80: =(Untransformed!M31) -> 0.81246543 | N80: =(Untransformed!N31) -> 2.0224622 | O80: =(Untransformed!O31) -> 1.284904 | P80: =(Untransformed!P31) -> 1.0562034 | Q80: =(Untransformed!Q31) -> 0.18332758 | R80: =(Untransformed!R31) -> 0.30443035 | S80: 1 | T80: =(Untransformed!T31) -> 1.288437 | U80: =(Untransformed!U31) -> 1.8304401 | V80: =(Untransformed!V31) -> 2.2671095 | W80: =(Untransformed!W31) -> 2.5000806 | X80: =(Untransformed!X31) -> 2.4321156 | Y80: =(Untransformed!Y31) -> 4.9423527 | Z80: =(Untransformed!Z31) -> 1.5017908 | AA80: 1 | AB80: =(Untransformed!AB31) -> 1.2123562 | AC80: =(Untransformed!AC31) -> 0.098418828 | AD80: =(Untransformed!AD31) -> 0.95591509 | AE80: =(Untransformed!AE31) -> 1.2931799 | AF80: =(Untransformed!AF31) -> 2.9312992 | AG80: =(Untransformed!AG31) -> 10803.474 | AH80: =LOG10(AG80) -> 4.0335634
A81: =(Untransformed!A26) -> 1.3226221 | B81: =(Untransformed!B26) -> 0.85115489 | C81: 1 | D81: =(Untransformed!D26) -> 2.0748724 | E81: =(Untransformed!E26) -> 0.35872516 | F81: =(Untransformed!F26) -> 2.9898966 | G81: =(Untransformed!G26) -> 0.7823412 | H81: =(Untransformed!H26) -> 1.0945516 | I81: =(Untransformed!I26) -> 1.1768643 | J81: =(Untransformed!J26) -> 0.56238061 | K81: 1 | L81: =(Untransformed!L26) -> 0.946075 | M81: =(Untransformed!M26) -> 0.81246543 | N81: =(Untransformed!N26) -> 2.0224622 | O81: =(Untransformed!O26) -> 1.284904 | P81: =(Untransformed!P26) -> 1.0562034 | Q81: =(Untransformed!Q26) -> 0.18321693 | R81: =(Untransformed!R26) -> 0.29113846 | S81: 1 | T81: =(Untransformed!T26) -> 1.2717448 | U81: =(Untransformed!U26) -> 1.7871171 | V81: =(Untransformed!V26) -> 2.21262 | W81: =(Untransformed!W26) -> 2.4507787 | X81: =(Untransformed!X26) -> 2.3696215 | Y81: =(Untransformed!Y26) -> 5.146611 | Z81: =(Untransformed!Z26) -> 1.7987652 | AA81: 1 | AB81: =(Untransformed!AB26) -> 1.2957561 | AC81: =(Untransformed!AC26) -> 0.12924025 | AD81: =(Untransformed!AD26) -> 1.0899812 | AE81: =(Untransformed!AE26) -> 1.3907414 | AF81: =(Untransformed!AF26) -> 3.2190661 | AG81: =(Untransformed!AG26) -> 10803.615 | AH81: =LOG10(AG81) -> 4.0335691
A82: =(Untransformed!A41) -> 1.3665172 | B82: =(Untransformed!B41) -> 0.61551937 | C82: 1 | D82: =(Untransformed!D41) -> 0.5996984 | E82: =(Untransformed!E41) -> 0.66660181 | F82: =(Untransformed!F41) -> 2.2820006 | G82: =(Untransformed!G41) -> 1.0824169 | H82: =(Untransformed!H41) -> 1.0026171 | I82: =(Untransformed!I41) -> 0.95667315 | J82: =(Untransformed!J41) -> 0.91929908 | K82: 1 | L82: =(Untransformed!L41) -> 0.94206615 | M82: =(Untransformed!M41) -> 0.82824291 | N82: =(Untransformed!N41) -> 0.97980538 | O82: =(Untransformed!O41) -> 1.4202775 | P82: =(Untransformed!P41) -> 0.28740719 | Q82: =(Untransformed!Q41) -> 0.18286099 | R82: =(Untransformed!R41) -> 0.29905845 | S82: 1 | T82: =(Untransformed!T41) -> 1.2778245 | U82: =(Untransformed!U41) -> 1.8102406 | V82: =(Untransformed!V41) -> 2.242833 | W82: =(Untransformed!W41) -> 2.4671624 | X82: =(Untransformed!X41) -> 2.3947085 | Y82: =(Untransformed!Y41) -> 5.0339287 | Z82: =(Untransformed!Z41) -> 1.6157056 | AA82: 1 | AB82: =(Untransformed!AB41) -> 1.2606314 | AC82: =(Untransformed!AC41) -> 0.11085907 | AD82: =(Untransformed!AD41) -> 1.0042247 | AE82: =(Untransformed!AE41) -> 1.3586947 | AF82: =(Untransformed!AF41) -> 3.0701602 | AG82: =(Untransformed!AG41) -> 10802.22 | AH82: =LOG10(AG82) -> 4.033513 | AI82: 1
A83: =(Untransformed!A32) -> 1.3665172 | B83: =(Untransformed!B32) -> 0.61551937 | C83: 1 | D83: =(Untransformed!D32) -> 0.5996984 | E83: =(Untransformed!E32) -> 0.66660181 | F83: =(Untransformed!F32) -> 2.2820006 | G83: =(Untransformed!G32) -> 1.0824169 | H83: =(Untransformed!H32) -> 1.0026171 | I83: =(Untransformed!I32) -> 0.95667315 | J83: =(Untransformed!J32) -> 0.91929908 | K83: 1 | L83: =(Untransformed!L32) -> 0.94206615 | M83: =(Untransformed!M32) -> 0.82824291 | N83: =(Untransformed!N32) -> 0.97980538 | O83: =(Untransformed!O32) -> 1.4202775 | P83: =(Untransformed!P32) -> 0.28740719 | Q83: =(Untransformed!Q32) -> 0.1809742 | R83: =(Untransformed!R32) -> 0.29341144 | S83: 1 | T83: =(Untransformed!T32) -> 1.2685925 | U83: =(Untransformed!U32) -> 1.8016876 | V83: =(Untransformed!V32) -> 2.2329755 | W83: =(Untransformed!W32) -> 2.4453423 | X83: =(Untransformed!X32) -> 2.3692246 | Y83: =(Untransformed!Y32) -> 5.2136726 | Z83: =(Untransformed!Z32) -> 1.7291098 | AA83: 1 | AB83: =(Untransformed!AB32) -> 1.308969 | AC83: =(Untransformed!AC32) -> 0.10455414 | AD83: =(Untransformed!AD32) -> 1.0286669 | AE83: =(Untransformed!AE32) -> 1.4081552 | AF83: =(Untransformed!AF32) -> 3.1755153 | AG83: =(Untransformed!AG32) -> 10802.554 | AH83: =LOG10(AG83) -> 4.0335265
A84: =(Untransformed!A37) -> 1.3665172 | B84: =(Untransformed!B37) -> 0.61551937 | C84: 1 | D84: =(Untransformed!D37) -> 0.5996984 | E84: =(Untransformed!E37) -> 0.66660181 | F84: =(Untransformed!F37) -> 2.2820006 | G84: =(Untransformed!G37) -> 1.0824169 | H84: =(Untransformed!H37) -> 1.0026171 | I84: =(Untransformed!I37) -> 0.95667315 | J84: =(Untransformed!J37) -> 0.91929908 | K84: 1 | L84: =(Untransformed!L37) -> 0.94206615 | M84: =(Untransformed!M37) -> 0.82824291 | N84: =(Untransformed!N37) -> 0.97980538 | O84: =(Untransformed!O37) -> 1.4202775 | P84: =(Untransformed!P37) -> 0.28740719 | Q84: =(Untransformed!Q37) -> 0.1824362 | R84: =(Untransformed!R37) -> 0.29274571 | S84: 1 | T84: =(Untransformed!T37) -> 1.2773817 | U84: =(Untransformed!U37) -> 1.8044764 | V84: =(Untransformed!V37) -> 2.241968 | W84: =(Untransformed!W37) -> 2.4607001 | X84: =(Untransformed!X37) -> 2.3828528 | Y84: =(Untransformed!Y37) -> 5.0859028 | Z84: =(Untransformed!Z37) -> 1.7258532 | AA84: 1 | AB84: =(Untransformed!AB37) -> 1.2645773 | AC84: =(Untransformed!AC37) -> 0.11714862 | AD84: =(Untransformed!AD37) -> 1.0027283 | AE84: =(Untransformed!AE37) -> 1.3801292 | AF84: =(Untransformed!AF37) -> 3.1075157 | AG84: =(Untransformed!AG37) -> 10802.611 | AH84: =LOG10(AG84) -> 4.0335287
A85: =(Untransformed!A34) -> 1.3665172 | B85: =(Untransformed!B34) -> 0.61551937 | C85: 1 | D85: =(Untransformed!D34) -> 0.5996984 | E85: =(Untransformed!E34) -> 0.66660181 | F85: =(Untransformed!F34) -> 2.2820006 | G85: =(Untransformed!G34) -> 1.0824169 | H85: =(Untransformed!H34) -> 1.0026171 | I85: =(Untransformed!I34) -> 0.95667315 | J85: =(Untransformed!J34) -> 0.91929908 | K85: 1 | L85: =(Untransformed!L34) -> 0.94206615 | M85: =(Untransformed!M34) -> 0.82824291 | N85: =(Untransformed!N34) -> 0.97980538 | O85: =(Untransformed!O34) -> 1.4202775 | P85: =(Untransformed!P34) -> 0.28740719 | Q85: =(Untransformed!Q34) -> 0.18264635 | R85: =(Untransformed!R34) -> 0.30109635 | S85: 1 | T85: =(Untransformed!T34) -> 1.2713952 | U85: =(Untransformed!U34) -> 1.8083749 | V85: =(Untransformed!V34) -> 2.2315263 | W85: =(Untransformed!W34) -> 2.4501461 | X85: =(Untransformed!X34) -> 2.3853981 | Y85: =(Untransformed!Y34) -> 5.0690117 | Z85: =(Untransformed!Z34) -> 1.6087291 | AA85: 1 | AB85: =(Untransformed!AB34) -> 1.3000151 | AC85: =(Untransformed!AC34) -> 0.094441247 | AD85: =(Untransformed!AD34) -> 1.0368313 | AE85: =(Untransformed!AE34) -> 1.387612 | AF85: =(Untransformed!AF34) -> 3.1195696 | AG85: =(Untransformed!AG34) -> 10802.686 | AH85: =LOG10(AG85) -> 4.0335318
A86: =(Untransformed!A40) -> 1.3665172 | B86: =(Untransformed!B40) -> 0.61551937 | C86: 1 | D86: =(Untransformed!D40) -> 0.5996984 | E86: =(Untransformed!E40) -> 0.66660181 | F86: =(Untransformed!F40) -> 2.2820006 | G86: =(Untransformed!G40) -> 1.0824169 | H86: =(Untransformed!H40) -> 1.0026171 | I86: =(Untransformed!I40) -> 0.95667315 | J86: =(Untransformed!J40) -> 0.91929908 | K86: 1 | L86: =(Untransformed!L40) -> 0.94206615 | M86: =(Untransformed!M40) -> 0.82824291 | N86: =(Untransformed!N40) -> 0.97980538 | O86: =(Untransformed!O40) -> 1.4202775 | P86: =(Untransformed!P40) -> 0.28740719 | Q86: =(Untransformed!Q40) -> 0.18345864 | R86: =(Untransformed!R40) -> 0.30183171 | S86: 1 | T86: =(Untransformed!T40) -> 1.2800943 | U86: =(Untransformed!U40) -> 1.8238653 | V86: =(Untransformed!V40) -> 2.2415419 | W86: =(Untransformed!W40) -> 2.4693058 | X86: =(Untransformed!X40) -> 2.4089047 | Y86: =(Untransformed!Y40) -> 4.9914239 | Z86: =(Untransformed!Z40) -> 1.5796152 | AA86: 1 | AB86: =(Untransformed!AB40) -> 1.2614074 | AC86: =(Untransformed!AC40) -> 0.083116874 | AD86: =(Untransformed!AD40) -> 1.0190079 | AE86: =(Untransformed!AE40) -> 1.3449796 | AF86: =(Untransformed!AF40) -> 3.0252304 | AG86: =(Untransformed!AG40) -> 10802.775 | AH86: =LOG10(AG86) -> 4.0335353
A87: =(Untransformed!A36) -> 1.3665172 | B87: =(Untransformed!B36) -> 0.61551937 | C87: 1 | D87: =(Untransformed!D36) -> 0.5996984 | E87: =(Untransformed!E36) -> 0.66660181 | F87: =(Untransformed!F36) -> 2.2820006 | G87: =(Untransformed!G36) -> 1.0824169 | H87: =(Untransformed!H36) -> 1.0026171 | I87: =(Untransformed!I36) -> 0.95667315 | J87: =(Untransformed!J36) -> 0.91929908 | K87: 1 | L87: =(Untransformed!L36) -> 0.94206615 | M87: =(Untransformed!M36) -> 0.82824291 | N87: =(Untransformed!N36) -> 0.97980538 | O87: =(Untransformed!O36) -> 1.4202775 | P87: =(Untransformed!P36) -> 0.28740719 | Q87: =(Untransformed!Q36) -> 0.18081863 | R87: =(Untransformed!R36) -> 0.29175721 | S87: 1 | T87: =(Untransformed!T36) -> 1.2665147 | U87: =(Untransformed!U36) -> 1.7897852 | V87: =(Untransformed!V36) -> 2.2159647 | W87: =(Untransformed!W36) -> 2.4418404 | X87: =(Untransformed!X36) -> 2.3665268 | Y87: =(Untransformed!Y36) -> 5.2774885 | Z87: =(Untransformed!Z36) -> 1.7531541 | AA87: 1 | AB87: =(Untransformed!AB36) -> 1.3090016 | AC87: =(Untransformed!AC36) -> 0.11810389 | AD87: =(Untransformed!AD36) -> 1.066442 | AE87: =(Untransformed!AE36) -> 1.4063864 | AF87: =(Untransformed!AF36) -> 3.2076724 | AG87: =(Untransformed!AG36) -> 10802.934 | AH87: =LOG10(AG87) -> 4.0335417
A88: =(Untransformed!A33) -> 1.3665172 | B88: =(Untransformed!B33) -> 0.61551937 | C88: 1 | D88: =(Untransformed!D33) -> 0.5996984 | E88: =(Untransformed!E33) -> 0.66660181 | F88: =(Untransformed!F33) -> 2.2820006 | G88: =(Untransformed!G33) -> 1.0824169 | H88: =(Untransformed!H33) -> 1.0026171 | I88: =(Untransformed!I33) -> 0.95667315 | J88: =(Untransformed!J33) -> 0.91929908 | K88: 1 | L88: =(Untransformed!L33) -> 0.94206615 | M88: =(Untransformed!M33) -> 0.82824291 | N88: =(Untransformed!N33) -> 0.97980538 | O88: =(Untransformed!O33) -> 1.4202775 | P88: =(Untransformed!P33) -> 0.28740719 | Q88: =(Untransformed!Q33) -> 0.18038953 | R88: =(Untransformed!R33) -> 0.29251956 | S88: 1 | T88: =(Untransformed!T33) -> 1.2676758 | U88: =(Untransformed!U33) -> 1.8078081 | V88: =(Untransformed!V33) -> 2.2353805 | W88: =(Untransformed!W33) -> 2.4442529 | X88: =(Untransformed!X33) -> 2.3782175 | Y88: =(Untransformed!Y33) -> 5.2442338 | Z88: =(Untransformed!Z33) -> 1.7564724 | AA88: 1 | AB88: =(Untransformed!AB33) -> 1.3232826 | AC88: =(Untransformed!AC33) -> 0.089865439 | AD88: =(Untransformed!AD33) -> 1.0302979 | AE88: =(Untransformed!AE33) -> 1.4175878 | AF88: =(Untransformed!AF33) -> 3.1617918 | AG88: =(Untransformed!AG33) -> 10803.17 | AH88: =LOG10(AG88) -> 4.0335512
A89: =(Untransformed!A35) -> 1.3665172 | B89: =(Untransformed!B35) -> 0.61551937 | C89: 1 | D89: =(Untransformed!D35) -> 0.5996984 | E89: =(Untransformed!E35) -> 0.66660181 | F89: =(Untransformed!F35) -> 2.2820006 | G89: =(Untransformed!G35) -> 1.0824169 | H89: =(Untransformed!H35) -> 1.0026171 | I89: =(Untransformed!I35) -> 0.95667315 | J89: =(Untransformed!J35) -> 0.91929908 | K89: 1 | L89: =(Untransformed!L35) -> 0.94206615 | M89: =(Untransformed!M35) -> 0.82824291 | N89: =(Untransformed!N35) -> 0.97980538 | O89: =(Untransformed!O35) -> 1.4202775 | P89: =(Untransformed!P35) -> 0.28740719 | Q89: =(Untransformed!Q35) -> 0.18661614 | R89: =(Untransformed!R35) -> 0.31085284 | S89: 1 | T89: =(Untransformed!T35) -> 1.2977066 | U89: =(Untransformed!U35) -> 1.8476143 | V89: =(Untransformed!V35) -> 2.2665418 | W89: =(Untransformed!W35) -> 2.5122476 | X89: =(Untransformed!X35) -> 2.460465 | Y89: =(Untransformed!Y35) -> 4.7059267 | Z89: =(Untransformed!Z35) -> 1.4224854 | AA89: 1 | AB89: =(Untransformed!AB35) -> 1.1921076 | AC89: =(Untransformed!AC35) -> 0.074824874 | AD89: =(Untransformed!AD35) -> 0.9683127 | AE89: =(Untransformed!AE35) -> 1.2608782 | AF89: =(Untransformed!AF35) -> 2.8419217 | AG89: =(Untransformed!AG35) -> 10805.159 | AH89: =LOG10(AG89) -> 4.0336312
A90: =(Untransformed!A39) -> 1.3665172 | B90: =(Untransformed!B39) -> 0.61551937 | C90: 1 | D90: =(Untransformed!D39) -> 0.5996984 | E90: =(Untransformed!E39) -> 0.66660181 | F90: =(Untransformed!F39) -> 2.2820006 | G90: =(Untransformed!G39) -> 1.0824169 | H90: =(Untransformed!H39) -> 1.0026171 | I90: =(Untransformed!I39) -> 0.95667315 | J90: =(Untransformed!J39) -> 0.91929908 | K90: 1 | L90: =(Untransformed!L39) -> 0.94206615 | M90: =(Untransformed!M39) -> 0.82824291 | N90: =(Untransformed!N39) -> 0.97980538 | O90: =(Untransformed!O39) -> 1.4202775 | P90: =(Untransformed!P39) -> 0.28740719 | Q90: =(Untransformed!Q39) -> 0.19785847 | R90: =(Untransformed!R39) -> 0.44860129 | S90: 1 | T90: =(Untransformed!T39) -> 1.3355094 | U90: =(Untransformed!U39) -> 1.9609337 | V90: =(Untransformed!V39) -> 2.4216441 | W90: =(Untransformed!W39) -> 2.6517942 | X90: =(Untransformed!X39) -> 2.6469197 | Y90: =(Untransformed!Y39) -> 3.7347678 | Z90: =(Untransformed!Z39) -> 0.03337082 | AA90: 1 | AB90: =(Untransformed!AB39) -> 1.0183451 | AC90: =(Untransformed!AC39) -> 0.084630774 | AD90: =(Untransformed!AD39) -> 0.65649164 | AE90: =(Untransformed!AE39) -> 1.0492756 | AF90: =(Untransformed!AF39) -> 2.2142363 | AG90: =(Untransformed!AG39) -> 10906.992 | AH90: =LOG10(AG90) -> 4.037705
A91: =(Untransformed!A38) -> 1.3665172 | B91: =(Untransformed!B38) -> 0.61551937 | C91: 1 | D91: =(Untransformed!D38) -> 0.5996984 | E91: =(Untransformed!E38) -> 0.66660181 | F91: =(Untransformed!F38) -> 2.2820006 | G91: =(Untransformed!G38) -> 1.0824169 | H91: =(Untransformed!H38) -> 1.0026171 | I91: =(Untransformed!I38) -> 0.95667315 | J91: =(Untransformed!J38) -> 0.91929908 | K91: 1 | L91: =(Untransformed!L38) -> 0.94206615 | M91: =(Untransformed!M38) -> 0.82824291 | N91: =(Untransformed!N38) -> 0.97980538 | O91: =(Untransformed!O38) -> 1.4202775 | P91: =(Untransformed!P38) -> 0.28740719 | Q91: =(Untransformed!Q38) -> 0.24134951 | R91: =(Untransformed!R38) -> 0.33531927 | S91: 1 | T91: =(Untransformed!T38) -> 1.3967838 | U91: =(Untransformed!U38) -> 2.0132453 | V91: =(Untransformed!V38) -> 2.4840024 | W91: =(Untransformed!W38) -> 2.7537285 | X91: =(Untransformed!X38) -> 2.7708867 | Y91: =(Untransformed!Y38) -> 1.7327989 | Z91: =(Untransformed!Z38) -> 1.2788535 | AA91: 1 | AB91: =(Untransformed!AB38) -> 1.0409651 | AC91: =(Untransformed!AC38) -> 0.0090462127 | AD91: =(Untransformed!AD38) -> 0.70468312 | AE91: =(Untransformed!AE38) -> 1.0276825 | AF91: =(Untransformed!AF38) -> 2.1761985 | AG91: =(Untransformed!AG38) -> 10993.975 | AH91: =LOG10(AG91) -> 4.0411547
A92: =(Untransformed!A68) -> 2.0495373 | B92: =(Untransformed!B68) -> 0.52476843 | C92: 1 | D92: =(Untransformed!D68) -> 0.38315466 | E92: =(Untransformed!E68) -> 0.67020717 | F92: =(Untransformed!F68) -> 1.5623233 | G92: =(Untransformed!G68) -> 0.86022356 | H92: =(Untransformed!H68) -> 0.37930575 | I92: =(Untransformed!I68) -> 1.1017548 | J92: =(Untransformed!J68) -> 1.347398 | K92: 1 | L92: =(Untransformed!L68) -> 0.72857446 | M92: =(Untransformed!M68) -> 0.26616544 | N92: =(Untransformed!N68) -> 1.6093911 | O92: =(Untransformed!O68) -> 0.81390381 | P92: =(Untransformed!P68) -> 0.45575939 | Q92: =(Untransformed!Q68) -> 0.18292005 | R92: =(Untransformed!R68) -> 0.29842201 | S92: 1 | T92: =(Untransformed!T68) -> 1.2788132 | U92: =(Untransformed!U68) -> 1.8160951 | V92: =(Untransformed!V68) -> 2.2478089 | W92: =(Untransformed!W68) -> 2.4718985 | X92: =(Untransformed!X68) -> 2.4022835 | Y92: =(Untransformed!Y68) -> 5.0240547 | Z92: =(Untransformed!Z68) -> 1.6287325 | AA92: 1 | AB92: =(Untransformed!AB68) -> 1.2608106 | AC92: =(Untransformed!AC68) -> 0.10208249 | AD92: =(Untransformed!AD68) -> 0.99733528 | AE92: =(Untransformed!AE68) -> 1.3528679 | AF92: =(Untransformed!AF68) -> 3.0490143 | AG92: =(Untransformed!AG68) -> 10802.322 | AH92: =LOG10(AG92) -> 4.0335171 | AI92: 1
A93: =(Untransformed!A69) -> 2.0495373 | B93: =(Untransformed!B69) -> 0.52476843 | C93: 1 | D93: =(Untransformed!D69) -> 0.38315466 | E93: =(Untransformed!E69) -> 0.67020717 | F93: =(Untransformed!F69) -> 1.5623233 | G93: =(Untransformed!G69) -> 0.86022356 | H93: =(Untransformed!H69) -> 0.37930575 | I93: =(Untransformed!I69) -> 1.1017548 | J93: =(Untransformed!J69) -> 1.347398 | K93: 1 | L93: =(Untransformed!L69) -> 0.72857446 | M93: =(Untransformed!M69) -> 0.26616544 | N93: =(Untransformed!N69) -> 1.6093911 | O93: =(Untransformed!O69) -> 0.81390381 | P93: =(Untransformed!P69) -> 0.45575939 | Q93: =(Untransformed!Q69) -> 0.18410134 | R93: =(Untransformed!R69) -> 0.30291183 | S93: 1 | T93: =(Untransformed!T69) -> 1.2803316 | U93: =(Untransformed!U69) -> 1.8126532 | V93: =(Untransformed!V69) -> 2.2488835 | W93: =(Untransformed!W69) -> 2.47648 | X93: =(Untransformed!X69) -> 2.4040856 | Y93: =(Untransformed!Y69) -> 4.9307728 | Z93: =(Untransformed!Z69) -> 1.5455155 | AA93: 1 | AB93: =(Untransformed!AB69) -> 1.246435 | AC93: =(Untransformed!AC69) -> 0.11659901 | AD93: =(Untransformed!AD69) -> 0.98664502 | AE93: =(Untransformed!AE69) -> 1.3417356 | AF93: =(Untransformed!AF69) -> 3.0315418 | AG93: =(Untransformed!AG69) -> 10802.543 | AH93: =LOG10(AG93) -> 4.033526
A94: =(Untransformed!A62) -> 2.0495373 | B94: =(Untransformed!B62) -> 0.52476843 | C94: 1 | D94: =(Untransformed!D62) -> 0.38315466 | E94: =(Untransformed!E62) -> 0.67020717 | F94: =(Untransformed!F62) -> 1.5623233 | G94: =(Untransformed!G62) -> 0.86022356 | H94: =(Untransformed!H62) -> 0.37930575 | I94: =(Untransformed!I62) -> 1.1017548 | J94: =(Untransformed!J62) -> 1.347398 | K94: 1 | L94: =(Untransformed!L62) -> 0.72857446 | M94: =(Untransformed!M62) -> 0.26616544 | N94: =(Untransformed!N62) -> 1.6093911 | O94: =(Untransformed!O62) -> 0.81390381 | P94: =(Untransformed!P62) -> 0.45575939 | Q94: =(Untransformed!Q62) -> 0.1836515 | R94: =(Untransformed!R62) -> 0.29446572 | S94: 1 | T94: =(Untransformed!T62) -> 1.2711091 | U94: =(Untransformed!U62) -> 1.7974876 | V94: =(Untransformed!V62) -> 2.2166397 | W94: =(Untransformed!W62) -> 2.4426264 | X94: =(Untransformed!X62) -> 2.3679794 | Y94: =(Untransformed!Y62) -> 5.119984 | Z94: =(Untransformed!Z62) -> 1.7347828 | AA94: 1 | AB94: =(Untransformed!AB62) -> 1.3116676 | AC94: =(Untransformed!AC62) -> 0.10423582 | AD94: =(Untransformed!AD62) -> 1.080672 | AE94: =(Untransformed!AE62) -> 1.4047231 | AF94: =(Untransformed!AF62) -> 3.205105 | AG94: =(Untransformed!AG62) -> 10802.936 | AH94: =LOG10(AG94) -> 4.0335418
A95: =(Untransformed!A66) -> 2.0495373 | B95: =(Untransformed!B66) -> 0.52476843 | C95: 1 | D95: =(Untransformed!D66) -> 0.38315466 | E95: =(Untransformed!E66) -> 0.67020717 | F95: =(Untransformed!F66) -> 1.5623233 | G95: =(Untransformed!G66) -> 0.86022356 | H95: =(Untransformed!H66) -> 0.37930575 | I95: =(Untransformed!I66) -> 1.1017548 | J95: =(Untransformed!J66) -> 1.347398 | K95: 1 | L95: =(Untransformed!L66) -> 0.72857446 | M95: =(Untransformed!M66) -> 0.26616544 | N95: =(Untransformed!N66) -> 1.6093911 | O95: =(Untransformed!O66) -> 0.81390381 | P95: =(Untransformed!P66) -> 0.45575939 | Q95: =(Untransformed!Q66) -> 0.18106771 | R95: =(Untransformed!R66) -> 0.2885477 | S95: 1 | T95: =(Untransformed!T66) -> 1.2697751 | U95: =(Untransformed!U66) -> 1.7967361 | V95: =(Untransformed!V66) -> 2.2371371 | W95: =(Untransformed!W66) -> 2.4485091 | X95: =(Untransformed!X66) -> 2.3697682 | Y95: =(Untransformed!Y66) -> 5.2503333 | Z95: =(Untransformed!Z66) -> 1.8290931 | AA95: 1 | AB95: =(Untransformed!AB66) -> 1.3085667 | AC95: =(Untransformed!AC66) -> 0.11983164 | AD95: =(Untransformed!AD66) -> 1.0257343 | AE95: =(Untransformed!AE66) -> 1.4249858 | AF95: =(Untransformed!AF66) -> 3.1956681 | AG95: =(Untransformed!AG66) -> 10803.246 | AH95: =LOG10(AG95) -> 4.0335543
A96: =(Untransformed!A65) -> 2.0495373 | B96: =(Untransformed!B65) -> 0.52476843 | C96: 1 | D96: =(Untransformed!D65) -> 0.38315466 | E96: =(Untransformed!E65) -> 0.67020717 | F96: =(Untransformed!F65) -> 1.5623233 | G96: =(Untransformed!G65) -> 0.86022356 | H96: =(Untransformed!H65) -> 0.37930575 | I96: =(Untransformed!I65) -> 1.1017548 | J96: =(Untransformed!J65) -> 1.347398 | K96: 1 | L96: =(Untransformed!L65) -> 0.72857446 | M96: =(Untransformed!M65) -> 0.26616544 | N96: =(Untransformed!N65) -> 1.6093911 | O96: =(Untransformed!O65) -> 0.81390381 | P96: =(Untransformed!P65) -> 0.45575939 | Q96: =(Untransformed!Q65) -> 0.1840707 | R96: =(Untransformed!R65) -> 0.30530644 | S96: 1 | T96: =(Untransformed!T65) -> 1.2859913 | U96: =(Untransformed!U65) -> 1.8327204 | V96: =(Untransformed!V65) -> 2.2467862 | W96: =(Untransformed!W65) -> 2.4860321 | X96: =(Untransformed!X65) -> 2.4329621 | Y96: =(Untransformed!Y65) -> 4.9515792 | Z96: =(Untransformed!Z65) -> 1.5201652 | AA96: 1 | AB96: =(Untransformed!AB65) -> 1.2350848 | AC96: =(Untransformed!AC65) -> 0.079049002 | AD96: =(Untransformed!AD65) -> 1.0144248 | AE96: =(Untransformed!AE65) -> 1.3112441 | AF96: =(Untransformed!AF65) -> 2.9524973 | AG96: =(Untransformed!AG65) -> 10803.347 | AH96: =LOG10(AG96) -> 4.0335583
A97: =(Untransformed!A70) -> 2.0495373 | B97: =(Untransformed!B70) -> 0.52476843 | C97: 1 | D97: =(Untransformed!D70) -> 0.38315466 | E97: =(Untransformed!E70) -> 0.67020717 | F97: =(Untransformed!F70) -> 1.5623233 | G97: =(Untransformed!G70) -> 0.86022356 | H97: =(Untransformed!H70) -> 0.37930575 | I97: =(Untransformed!I70) -> 1.1017548 | J97: =(Untransformed!J70) -> 1.347398 | K97: 1 | L97: =(Untransformed!L70) -> 0.72857446 | M97: =(Untransformed!M70) -> 0.26616544 | N97: =(Untransformed!N70) -> 1.6093911 | O97: =(Untransformed!O70) -> 0.81390381 | P97: =(Untransformed!P70) -> 0.45575939 | Q97: =(Untransformed!Q70) -> 0.18001742 | R97: =(Untransformed!R70) -> 0.28620082 | S97: 1 | T97: =(Untransformed!T70) -> 1.2696367 | U97: =(Untransformed!U70) -> 1.789579 | V97: =(Untransformed!V70) -> 2.2314395 | W97: =(Untransformed!W70) -> 2.4469099 | X97: =(Untransformed!X70) -> 2.364009 | Y97: =(Untransformed!Y70) -> 5.30071 | Z97: =(Untransformed!Z70) -> 1.8615856 | AA97: 1 | AB97: =(Untransformed!AB70) -> 1.29839 | AC97: =(Untransformed!AC70) -> 0.12902012 | AD97: =(Untransformed!AD70) -> 1.0283269 | AE97: =(Untransformed!AE70) -> 1.4190837 | AF97: =(Untransformed!AF70) -> 3.2069685 | AG97: =(Untransformed!AG70) -> 10803.686 | AH97: =LOG10(AG97) -> 4.033572
A98: =(Untransformed!A63) -> 2.0495373 | B98: =(Untransformed!B63) -> 0.52476843 | C98: 1 | D98: =(Untransformed!D63) -> 0.38315466 | E98: =(Untransformed!E63) -> 0.67020717 | F98: =(Untransformed!F63) -> 1.5623233 | G98: =(Untransformed!G63) -> 0.86022356 | H98: =(Untransformed!H63) -> 0.37930575 | I98: =(Untransformed!I63) -> 1.1017548 | J98: =(Untransformed!J63) -> 1.347398 | K98: 1 | L98: =(Untransformed!L63) -> 0.72857446 | M98: =(Untransformed!M63) -> 0.26616544 | N98: =(Untransformed!N63) -> 1.6093911 | O98: =(Untransformed!O63) -> 0.81390381 | P98: =(Untransformed!P63) -> 0.45575939 | Q98: =(Untransformed!Q63) -> 0.18077153 | R98: =(Untransformed!R63) -> 0.28778139 | S98: 1 | T98: =(Untransformed!T63) -> 1.2663465 | U98: =(Untransformed!U63) -> 1.7827374 | V98: =(Untransformed!V63) -> 2.2091839 | W98: =(Untransformed!W63) -> 2.4277282 | X98: =(Untransformed!X63) -> 2.3479241 | Y98: =(Untransformed!Y63) -> 5.3484978 | Z98: =(Untransformed!Z63) -> 1.8774049 | AA98: 1 | AB98: =(Untransformed!AB63) -> 1.3311633 | AC98: =(Untransformed!AC63) -> 0.12608136 | AD98: =(Untransformed!AD63) -> 1.0998796 | AE98: =(Untransformed!AE63) -> 1.4504521 | AF98: =(Untransformed!AF63) -> 3.303185 | AG98: =(Untransformed!AG63) -> 10804.134 | AH98: =LOG10(AG98) -> 4.03359
A99: =(Untransformed!A64) -> 2.0495373 | B99: =(Untransformed!B64) -> 0.52476843 | C99: 1 | D99: =(Untransformed!D64) -> 0.38315466 | E99: =(Untransformed!E64) -> 0.67020717 | F99: =(Untransformed!F64) -> 1.5623233 | G99: =(Untransformed!G64) -> 0.86022356 | H99: =(Untransformed!H64) -> 0.37930575 | I99: =(Untransformed!I64) -> 1.1017548 | J99: =(Untransformed!J64) -> 1.347398 | K99: 1 | L99: =(Untransformed!L64) -> 0.72857446 | M99: =(Untransformed!M64) -> 0.26616544 | N99: =(Untransformed!N64) -> 1.6093911 | O99: =(Untransformed!O64) -> 0.81390381 | P99: =(Untransformed!P64) -> 0.45575939 | Q99: =(Untransformed!Q64) -> 0.18319361 | R99: =(Untransformed!R64) -> 0.29451203 | S99: 1 | T99: =(Untransformed!T64) -> 1.2827062 | U99: =(Untransformed!U64) -> 1.8162057 | V99: =(Untransformed!V64) -> 2.2848472 | W99: =(Untransformed!W64) -> 2.4872159 | X99: =(Untransformed!X64) -> 2.3996513 | Y99: =(Untransformed!Y64) -> 4.955304 | Z99: =(Untransformed!Z64) -> 1.6940738 | AA99: 1 | AB99: =(Untransformed!AB64) -> 1.2624846 | AC99: =(Untransformed!AC64) -> 0.12413879 | AD99: =(Untransformed!AD64) -> 0.91094481 | AE99: =(Untransformed!AE64) -> 1.3740135 | AF99: =(Untransformed!AF64) -> 3.0586634 | AG99: =(Untransformed!AG64) -> 10804.44 | AH99: =LOG10(AG99) -> 4.0336023
A100: =(Untransformed!A67) -> 2.0495373 | B100: =(Untransformed!B67) -> 0.52476843 | C100: 1 | D100: =(Untransformed!D67) -> 0.38315466 | E100: =(Untransformed!E67) -> 0.67020717 | F100: =(Untransformed!F67) -> 1.5623233 | G100: =(Untransformed!G67) -> 0.86022356 | H100: =(Untransformed!H67) -> 0.37930575 | I100: =(Untransformed!I67) -> 1.1017548 | J100: =(Untransformed!J67) -> 1.347398 | K100: 1 | L100: =(Untransformed!L67) -> 0.72857446 | M100: =(Untransformed!M67) -> 0.26616544 | N100: =(Untransformed!N67) -> 1.6093911 | O100: =(Untransformed!O67) -> 0.81390381 | P100: =(Untransformed!P67) -> 0.45575939 | Q100: =(Untransformed!Q67) -> 0.23227937 | R100: =(Untransformed!R67) -> 0.36512361 | S100: 1 | T100: =(Untransformed!T67) -> 1.4116544 | U100: =(Untransformed!U67) -> 1.9938708 | V100: =(Untransformed!V67) -> 2.3647748 | W100: =(Untransformed!W67) -> 2.8955052 | X100: =(Untransformed!X67) -> 2.8935958 | Y100: =(Untransformed!Y67) -> 2.2488868 | Z100: =(Untransformed!Z67) -> 0.83128192 | AA100: 1 | AB100: =(Untransformed!AB67) -> 0.86153911 | AC100: =(Untransformed!AC67) -> 0.00082078737 | AD100: =(Untransformed!AD67) -> 0.89059378 | AE100: =(Untransformed!AE67) -> 0.71488212 | AF100: =(Untransformed!AF67) -> 1.9372929 | AG100: =(Untransformed!AG67) -> 10979.722 | AH100: =LOG10(AG100) -> 4.0405913
...

Sheet Best of each group
A1: s0-9i | B1: s10-19i | C1: s20-29i | D1: s30-39i | E1: s40-49i | F1: s50-59i | G1: s60-69i | H1: s70-79i | I1: v0-9i | J1: v10-19i | K1: s20-29i | L1: v30-39i | M1: v40-49i | N1: v50-59i | O1: v60-69i | P1: v70-79i | Q1: s0-9 | R1: s10-19 | S1: s20-29 | T1: s30-39 | U1: s40-49 | V1: s50-59 | W1: s60-69 | X1: s70-79 | Y1: v0-9 | Z1: v10-19 | AA1: s20-29 | AB1: v30-39 | AC1: v40-49 | AD1: v50-59 | AE1: v60-69 | AF1: v70-79 | AG1: kl_div | AH1: Log10(kl) | AI1: Best
A2: {=_xlfn._xlws.FILTER('All trials'!A:AI, 'All trials'!AI:AI = 1,'All trials'!AI2310)} -> 0.19103755 | B2: 0.60596125 | C2: 1 | D2: 0.93763624 | E2: 0.70977082 | F2: 1.6797631 | G2: 0.87223289 | H2: 0.72932341 | I2: 1.524351 | J2: 0.81706952 | K2: 1 | L2: 0.55631967 | M2: 1.1017943 | N2: 0.49346278 | O2: 0.52694774 | P2: 0.73431475 | Q2: 0.18273963 | R2: 0.29642921 | S2: 1 | T2: 1.2744013 | U2: 1.8055268 | V2: 2.2343444 | W2: 2.4558851 | X2: 2.383999 | Y2: 5.0750012 | Z2: 1.6756666 | AA2: 1 | AB2: 1.2814424 | AC2: 0.10832239 | AD2: 1.0261647 | AE2: 1.3823864 | AF2: 3.1185226 | AG2: 10802.205 | AH2: 4.0335124 | AI2: 1
A3: 0.66171329 | B3: 1.4989558 | C3: 1 | D3: 0.2846583 | E3: 0.94904862 | F3: 0.40859493 | G3: 1.2419868 | H3: 0.85690348 | I3: 0.76364275 | J3: 0.6449456 | K3: 1 | L3: 0.97693163 | M3: 0.9428961 | N3: 1.3976706 | O3: 0.88298659 | P3: 1.1975141 | Q3: 0.18249529 | R3: 0.29774209 | S3: 1 | T3: 1.2755465 | U3: 1.8050698 | V3: 2.2364647 | W3: 2.4625077 | X3: 2.3853596 | Y3: 5.0976164 | Z3: 1.6455982 | AA3: 1 | AB3: 1.2689086 | AC3: 0.11454424 | AD3: 1.0177027 | AE3: 1.3676879 | AF3: 3.1078517 | AG3: 10802.267 | AH3: 4.0335149 | AI3: 1
A4: 0.66419438 | B4: 1.2567213 | C4: 1 | D4: 0.90194986 | E4: 0.84581538 | F4: 0.7767185 | G4: 1.0700111 | H4: 0.84812952 | I4: 1.4687262 | J4: 1.9387914 | K4: 1 | L4: 0.69554684 | M4: 1.0384404 | N4: 0.38832374 | O4: 0.78101017 | P4: 0.40777436 | Q4: 0.18353991 | R4: 0.30039464 | S4: 1 | T4: 1.2734232 | U4: 1.8096814 | V4: 2.226145 | W4: 2.4505811 | X4: 2.3821806 | Y4: 5.0827644 | Z4: 1.6054632 | AA4: 1 | AB4: 1.2753206 | AC4: 0.10043799 | AD4: 1.0436962 | AE4: 1.3714431 | AF4: 3.107769 | AG4: 10802.638 | AH4: 4.0335298 | AI4: 1
A5: 0.76328083 | B5: 1.1382361 | C5: 1 | D5: 0.9604268 | E5: 0.25843117 | F5: 1.0048173 | G5: 1.3186868 | H5: 1.4919181 | I5: 1.1019997 | J5: 0.2653217 | K5: 1 | L5: 1.0974451 | M5: 0.35108309 | N5: 1.5377837 | O5: 0.2848732 | P5: 0.3127071 | Q5: 0.18245693 | R5: 0.29650575 | S5: 1 | T5: 1.2790012 | U5: 1.809227 | V5: 2.2381462 | W5: 2.4652123 | X5: 2.3933026 | Y5: 5.0706082 | Z5: 1.6631449 | AA5: 1 | AB5: 1.2597695 | AC5: 0.1088654 | AD5: 1.0168233 | AE5: 1.3620178 | AF5: 3.0799336 | AG5: 10802.288 | AH5: 4.0335158 | AI5: 1
A6: 1.0029453 | B6: 0.67071281 | C6: 1 | D6: 0.72187605 | E6: 2.0696115 | F6: 1.6209866 | G6: 0.3140841 | H6: 0.62791673 | I6: 0.85058707 | J6: 0.78219358 | K6: 1 | L6: 1.428682 | M6: 0.45884794 | N6: 0.97231365 | O6: 0.87337265 | P6: 1.0050764 | Q6: 0.18334835 | R6: 0.29973188 | S6: 1 | T6: 1.2784917 | U6: 1.8121279 | V6: 2.2417198 | W6: 2.4668556 | X6: 2.3968791 | Y6: 5.0070142 | Z6: 1.610416 | AA6: 1 | AB6: 1.2613233 | AC6: 0.10689314 | AD6: 1.0093256 | AE6: 1.3585494 | AF6: 3.0645283 | AG6: 10802.209 | AH6: 4.0335126 | AI6: 1
A7: 1.2412975 | B7: 0.76869681 | C7: 1 | D7: 0.97820407 | E7: 0.7356072 | F7: 0.35638763 | G7: 0.97386917 | H7: 1.7044039 | I7: 0.6289006 | J7: 1.4785891 | K7: 1 | L7: 0.18605358 | M7: 0.42368424 | N7: 0.3656391 | O7: 0.8434365 | P7: 1.0323773 | Q7: 0.18305856 | R7: 0.29851743 | S7: 1 | T7: 1.276383 | U7: 1.8127549 | V7: 2.2312505 | W7: 2.4586392 | X7: 2.3949936 | Y7: 5.0656066 | Z7: 1.6422227 | AA7: 1 | AB7: 1.2761948 | AC7: 0.093634285 | AD7: 1.0418429 | AE7: 1.3664129 | AF7: 3.0851232 | AG7: 10802.389 | AH7: 4.0335198 | AI7: 1
A8: 1.2883195 | B8: 1.5881146 | C8: 1 | D8: 0.30462764 | E8: 0.65418833 | F8: 0.81571258 | G8: 1.3178923 | H8: 1.112446 | I8: 0.32334112 | J8: 0.68525252 | K8: 1 | L8: 0.72026097 | M8: 1.2793036 | N8: 0.84149434 | O8: 1.1399313 | P8: 2.1282672 | Q8: 0.18155573 | R8: 0.29926359 | S8: 1 | T8: 1.2756143 | U8: 1.8103123 | V8: 2.2368284 | W8: 2.4576894 | X8: 2.3887079 | Y8: 5.1358513 | Z8: 1.6176066 | AA8: 1 | AB8: 1.269717 | AC8: 0.1043196 | AD8: 1.0167224 | AE8: 1.371546 | AF8: 3.0871243 | AG8: 10802.343 | AH8: 4.033518 | AI8: 1
A9: 1.3226221 | B9: 0.85115489 | C9: 1 | D9: 2.0748724 | E9: 0.35872516 | F9: 2.9898966 | G9: 0.7823412 | H9: 1.0945516 | I9: 1.1768643 | J9: 0.56238061 | K9: 1 | L9: 0.946075 | M9: 0.81246543 | N9: 2.0224622 | O9: 1.284904 | P9: 1.0562034 | Q9: 0.18305337 | R9: 0.29867347 | S9: 1 | T9: 1.2766953 | U9: 1.8090213 | V9: 2.2398965 | W9: 2.4635478 | X9: 2.3916356 | Y9: 5.0349905 | Z9: 1.6284652 | AA9: 1 | AB9: 1.2679802 | AC9: 0.10954188 | AD9: 1.0118008 | AE9: 1.3662694 | AF9: 3.0844856 | AG9: 10802.18 | AH9: 4.0335114 | AI9: 1
A10: 1.3665172 | B10: 0.61551937 | C10: 1 | D10: 0.5996984 | E10: 0.66660181 | F10: 2.2820006 | G10: 1.0824169 | H10: 1.0026171 | I10: 0.95667315 | J10: 0.91929908 | K10: 1 | L10: 0.94206615 | M10: 0.82824291 | N10: 0.97980538 | O10: 1.4202775 | P10: 0.28740719 | Q10: 0.18286099 | R10: 0.29905845 | S10: 1 | T10: 1.2778245 | U10: 1.8102406 | V10: 2.242833 | W10: 2.4671624 | X10: 2.3947085 | Y10: 5.0339287 | Z10: 1.6157056 | AA10: 1 | AB10: 1.2606314 | AC10: 0.11085907 | AD10: 1.0042247 | AE10: 1.3586947 | AF10: 3.0701602 | AG10: 10802.22 | AH10: 4.033513 | AI10: 1
A11: 2.0495373 | B11: 0.52476843 | C11: 1 | D11: 0.38315466 | E11: 0.67020717 | F11: 1.5623233 | G11: 0.86022356 | H11: 0.37930575 | I11: 1.1017548 | J11: 1.347398 | K11: 1 | L11: 0.72857446 | M11: 0.26616544 | N11: 1.6093911 | O11: 0.81390381 | P11: 0.45575939 | Q11: 0.18292005 | R11: 0.29842201 | S11: 1 | T11: 1.2788132 | U11: 1.8160951 | V11: 2.2478089 | W11: 2.4718985 | X11: 2.4022835 | Y11: 5.0240547 | Z11: 1.6287325 | AA11: 1 | AB11: 1.2608106 | AC11: 0.10208249 | AD11: 0.99733528 | AE11: 1.3528679 | AF11: 3.0490143 | AG11: 10802.322 | AH11: 4.0335171 | AI11: 1
